memberStateCode,weekNumber,wheat_price,barley_price,year,pig_price,beef_price,Zscore_barley_price,Zscore_wheat_price,Zscore_beef_price,Zscore_pig_price
RO,25,101.91,82.95,2009,160.61,217.98,2.5068502021235193,2.1790370341948035,2.1086315943374663,0.25928417435638285
RO,1,112.51,97.68,2010,158.05,281.93,2.028507633744891,1.841019625054744,1.004429851687695,0.13442451917715623
RO,7,134.96,108.36,2010,151.11,249.25,1.6816849161424645,1.125124263243958,1.568703705476507,0.20406220228527797
RO,13,142.91,98.89,2010,145.88,228.56,1.9892140486981742,0.8716112063889139,1.9259505241696073,0.45914657595221425
RO,19,177.03,104.11,2010,138.03,236.71,1.819699574364404,0.21642218982418254,1.7852273935582603,0.842017002966639
RO,31,119.79,91.05,2010,163.63,224.65,2.243810500571117,1.608871819532137,1.9934630935794682,0.4065795488256257
RO,37,108.61,88.87,2010,164.11,245.57,2.3146039017296647,1.9653845208704261,1.6322449472740233,0.42999073417173156
RO,43,106.44,95.98,2010,159.46,231.89,2.083713497033667,2.0345824244396646,1.8684526069995726,0.2031948761313394
RO,13,134.85,150.22,2011,154.16,298.55,0.32232171774943197,1.1286319910746572,0.7174582650913042,0.0553036287319035
RO,31,191.31,125.66,2011,166.54,264.91,1.119884072086099,0.6717890391185265,1.298308095001207,0.5485098599863869
RO,43,220.99,184.95,2011,159.62,256.5,0.8055015952030287,1.6182377847106926,1.4435205524786832,0.21099860458004088
RO,1,167.14,182.41,2012,164.08,251.58,0.7230175406421522,0.09895443059045808,1.5284724300992751,0.42852753508759994
RO,13,229.88,230.32,2012,162.14,256.97,2.278848664268769,1.9017259703007985,1.435405230836065,0.3339073276470911
RO,19,210.03,204.96,2012,165.92,279.33,1.4553070801491492,1.268740539033801,1.0493231203489841,0.5182704122476678
CZ,7,155.98,150.24,2013,164.72,344.11,0.3216722370048578,0.45482936323225615,0.06920993498881417,0.4597424488824059
DE,7,184.0,173.0,2013,172.38,404.82,0.4174368503201638,0.4386845805511837,1.1174677582299022,0.8333459483639974
LT,7,146.16,144.64,2013,161.74,318.97,0.5035268454855318,0.7679737932091787,0.36487343968226055,0.31439800652533806
LV,7,147.4,100.41,2013,171.76,271.52,1.9398535121105631,0.7284321340267564,1.1841755927507778,0.8031065006252783
PL,7,156.94,162.63,2013,166.03,328.89,0.08068108425863127,0.4242164658007034,0.19358835309765252,0.5236354755561509
PL,7,152.93,162.63,2013,166.03,328.89,0.08068108425863127,0.552089089447084,0.19358835309765252,0.5236354755561509
PL,7,161.91,162.63,2013,166.03,328.89,0.08068108425863127,0.26573094472277,0.19358835309765252,0.5236354755561509
RO,7,143.91,159.26,2013,181.06,250.97,0.028756421202059734,0.83972277156438,1.5390050815928853,1.2566982167060627
SK,7,131.36,129.86,2013,169.17,342.92,0.9834931157255935,1.2399226286122798,0.048662631255378286,0.6767836463619201
CZ,13,157.19,147.2,2013,163.44,338.86,0.4203933101800811,0.4162443570945699,0.02143993442340315,0.3973126212927926
DE,13,192.0,175.0,2013,171.36,392.86,0.48238492477754713,0.6937920591474548,0.910958722387975,0.7835971795035254
FR,13,176.79,179.79,2013,164.0,398.26,0.6379355631029798,0.20876896546629414,1.0041985880691124,0.4246256708632485
LT,13,160.7,150.66,2013,173.02,321.63,0.3080331413688077,0.30431595086045626,0.3189441725134043,0.8645608621588048
LV,13,159.08,147.51,2013,179.04,220.47,0.4103263586391866,0.3559752152762004,2.065637656273386,1.1581761450412038
PL,13,170.94,158.35,2013,170.16,317.38,0.05830779508016902,0.022221621742771064,0.3923274001328183,0.725069216138262
PL,13,165.11,158.35,2013,170.16,317.38,0.05830779508016902,0.163687953284261,0.3923274001328183,0.725069216138262
PL,13,178.79,158.35,2013,170.16,317.38,0.05830779508016902,0.2725458351153619,0.3923274001328183,0.725069216138262
SK,13,139.88,150.14,2013,167.85,337.31,0.3249196407277277,0.9682331639072516,0.04820322920224846,0.6124028866601318
CZ,19,160.1,144.72,2013,167.36,332.26,0.5009289225072361,0.32344901175517643,0.13539977025590533,0.588503968285984
DE,19,201.0,184.0,2013,163.2,360.56,0.774651259835772,0.9807879725682599,0.35324619248042827,0.38560702861973967
FR,19,188.72,181.72,2013,153.0,391.46,0.7006104549543549,0.5891979929229837,0.8867854238780498,0.11188065998499033
LT,19,171.01,181.2,2013,172.22,310.13,0.683723955595435,0.024453812180488217,0.5175105531306422,0.825542219915296
PL,19,171.51,180.26,2013,164.99,306.7,0.6531983606004649,0.04039802959275516,0.5767351344799577,0.47291124063959045
PL,19,184.29,180.26,2013,164.99,306.7,0.6531983606004649,0.4479322266502983,0.5767351344799577,0.47291124063959045
PL,19,181.33,180.26,2013,164.99,306.7,0.6531983606004649,0.35354245956967867,0.5767351344799577,0.47291124063959045
SK,19,140.79,110.0,2013,169.08,327.68,1.62842749508741,0.9392146882169259,0.21448098966694415,0.6723940491095267
AT,25,175.5,181.5,2013,171.46,363.29,0.6934661667640428,0.16763288454264566,0.40038412457478156,0.7884745097839636
LT,25,180.28,170.37,2013,178.82,327.03,0.33203013240870494,0.32005960300391767,0.2257043068322669,1.147446018424239
PL,25,181.53,193.13,2013,175.79,295.47,1.0711392197337266,0.35992014653458504,0.7706395218131381,0.9996629109269514
PL,25,184.97,193.13,2013,175.79,295.47,1.0711392197337266,0.4696163623309816,0.7706395218131381,0.9996629109269514
PL,25,191.85,193.13,2013,175.79,295.47,1.0711392197337266,0.6890087939237746,0.7706395218131381,0.9996629109269514
PT,25,228.0,212.0,2013,184.0,368.34,1.6839243022391381,1.8417757128306749,0.48758066562843744,1.4000917269509554
RO,25,158.31,179.13,2013,175.7,281.35,0.6165026985320435,0.3805293100910918,1.0144445039275207,0.9952733136745565
SK,25,130.0,132.57,2013,174.53,320.66,0.8954884748358398,1.2832908999736463,0.335692815052423,0.9382085493934262
RO,31,218.31,226.43,2013,201.63,300.82,2.152524659449159,1.5327767793809415,0.678262988221641,2.2599650553922688
RO,37,190.65,204.95,2013,203.53,249.39,1.4549823397768618,0.6507426721343342,1.5662863756255148,2.3526343307206012
RO,43,199.65,245.47,2013,198.42,250.37,2.7708303282834477,0.9377385855551392,1.5493650666685672,2.1034027533901916
DE,49,223.0,200.0,2013,172.89,374.69,1.2942358554948383,1.6823335387080054,0.5972238410127387,0.8582203327942336
FR,49,211.23,194.23,2013,154.0,383.5,1.106860660685287,1.3070066608232411,0.7493429552073358,0.06310735718060498
LT,49,198.88,176.65,2013,177.39,278.51,0.5359670862048885,0.9131844907402479,1.0634817666190826,1.0777001954139676
LV,49,204.87,200.22,2013,180.61,234.16,1.3013801436851504,1.1041962153392062,1.8292573301299089,1.2347502304440898
PL,49,212.29,177.82,2013,172.31,305.08,0.5739617097624573,1.3408084017372472,0.6047070941842991,0.8299318171676908
PL,49,214.9,177.82,2013,172.31,305.08,0.5739617097624573,1.4240372166292812,0.6047070941842991,0.8299318171676908
PL,49,211.78,177.82,2013,172.31,305.08,0.5739617097624573,1.3245452999767353,0.6047070941842991,0.8299318171676908
SK,49,205.0,228.39,2013,174.31,293.72,2.216173772417394,1.1083417118663954,0.8008561449505438,0.9274784227764615
BE,7,150.0,153.0,2014,142.2,334.03,0.23204389425366917,0.6455222034829685,0.10483781428264378,0.6386323302723527
CZ,7,140.8,141.84,2014,158.18,310.67,0.5944541497258679,0.9388958038686799,0.5081865665625281,0.1407650485417261
DE,7,164.0,155.0,2014,156.82,380.11,0.16709581979628588,0.19908411593949404,0.6908090395297329,0.07443335672776137
FR,7,135.93,147.93,2014,146.0,390.19,0.3966872630031356,1.0941924814641601,0.8648567888011899,0.4532937796156878
HU,7,132.48,132.48,2014,159.01,213.87,0.8984111381864222,1.2042075816088025,2.179597492105888,0.18124688986936516
LT,7,135.96,123.69,2014,164.58,276.27,1.1838579254266215,1.0932358284194241,1.1021590442349622,0.4529141864897926
LV,7,137.23,146.8,2014,159.95,268.37,0.433382925071557,1.0527375161922665,1.2385655143981078,0.22709379450548728
NL,7,156.0,156.0,2014,136.62,333.68,0.13462178256759422,0.4541915945357652,0.11088113891012435,0.9107873599208222
PL,7,165.95,132.07,2014,151.87,313.5,0.9117254934501856,0.13690166803165332,0.45932197028889504,0.16699449215394555
PL,7,149.17,132.07,2014,151.87,313.5,0.9117254934501856,0.671989604387332,0.45932197028889504,0.16699449215394555
PL,7,137.68,132.07,2014,151.87,313.5,0.9117254934501856,1.0383877205212257,0.45932197028889504,0.16699449215394555
PT,7,172.0,170.0,2014,165.0,373.4,0.32001473863408886,0.056023362656777057,0.5749498731000222,0.47339897366763384
RO,7,139.69,153.4,2014,161.23,280.56,0.21905427936219232,0.9742919665239129,1.0280851509438358,0.2895236220951006
SK,7,128.53,111.89,2014,164.56,314.44,1.5670515647251828,1.330166899165711,0.44309132700366,0.4519387204337044
BE,13,137.0,147.0,2014,146.0,336.37,0.4268881176258191,1.0600718562019091,0.06443387248748352,0.4532937796156878
CZ,13,130.18,122.85,2014,156.4,315.36,1.2111361166987227,1.27755098170523,0.4272060165542807,0.05394856954992013
DE,13,155.0,148.0,2014,160.69,372.36,0.3944140803971274,0.48608002936029904,0.5569925656355074,0.26318603858073286
FR,13,126.86,149.86,2014,154.0,385.57,0.3340123711517605,1.3834205853226826,0.7850849037184386,0.06310735718060498
IE,13,154.0,146.0,2014,152.35,379.74,0.4593621548545107,0.517968464184833,0.6844203820663957,0.1435833068078411
LT,13,112.94,127.02,2014,159.49,268.68,1.0757193814550783,1.8273075980801945,1.2332128554423387,0.20465807521547102
NL,13,146.0,150.0,2014,139.62,339.94,0.3294660059397441,0.773075942781104,0.0027919612871758616,0.764467451507666
PL,13,133.02,128.07,2014,157.4,303.5,1.0416216423649522,1.1869878268035536,0.631988388216928,0.10272187235430548
PL,13,157.28,128.07,2014,157.4,303.5,1.0416216423649522,0.41337439796036174,0.631988388216928,0.10272187235430548
PL,13,142.34,128.07,2014,157.4,303.5,1.0416216423649522,0.889787614238898,0.631988388216928,0.10272187235430548
PT,13,172.0,174.0,2014,167.0,379.72,0.4499108875488555,0.056023362656777057,0.6840750492305399,0.5709455792764045
SK,13,121.27,109.03,2014,160.25,297.36,1.659927311199241,1.5616769359918272,0.7380055688247401,0.24172578534680345
UK,13,136.55,126.17,2014,192.84,446.4,1.103322313099466,1.074421651872949,1.835414723974663,1.8312477237417222
UK,13,136.55,138.34,2014,192.84,446.4,0.7081132800262886,1.074421651872949,1.835414723974663,1.8312477237417222
UK,13,135.78,126.17,2014,192.84,446.4,1.103322313099466,1.0989757466878403,1.835414723974663,1.8312477237417222
UK,13,135.78,138.34,2014,192.84,446.4,0.7081132800262886,1.0989757466878403,1.835414723974663,1.8312477237417222
BE,19,160.0,166.0,2014,151.7,336.49,0.19011858971932227,0.3266378552376296,0.06236187547234705,0.17528595363069183
DE,19,171.0,159.0,2014,165.9,358.32,0.037199670881519264,0.024134927832243167,0.3145689148645487,0.5172949461915809
IE,19,166.0,156.0,2014,163.4,383.18,0.13462178256759422,0.1353072462904263,0.743817629833639,0.3953616891806176
LT,19,124.12,129.29,2014,168.8,265.98,1.0020033169459484,1.4707948967419053,1.2798327882829075,0.6587375243242988
NL,19,170.5,168.0,2014,147.15,350.1,0.2550666641767056,0.008190710419976224,0.1726371193277061,0.39720448139064435
PL,19,160.96,139.56,2014,163.9,299.52,0.6684949546072848,0.29602495780607685,0.7007096225522855,0.41974834058281024
PL,19,132.19,139.56,2014,163.9,299.52,0.6684949546072848,1.2134552277079171,0.7007096225522855,0.41974834058281024
PL,19,145.99,139.56,2014,163.9,299.52,0.6684949546072848,0.7733948271293491,0.7007096225522855,0.41974834058281024
PT,19,186.0,185.0,2014,181.0,378.92,0.8071252970644636,0.5024614502002515,0.670261735796297,1.2537718185377995
RO,19,150.77,152.28,2014,163.78,273.65,0.2554252010583271,0.6209681086680771,1.147397645732107,0.4138955442462838
SK,19,128.37,108.59,2014,164.72,303.35,1.6742158875798652,1.3352690487376364,0.6345783844858481,0.4597424488824059
UK,19,157.48,139.89,2014,196.96,434.42,0.6577785223218171,0.4069967109954553,1.6285603552968801,2.03219373129579
UK,19,157.48,151.75,2014,196.96,434.42,0.2726364407895337,0.4069967109954553,1.6285603552968801,2.03219373129579
UK,19,147.92,139.89,2014,196.96,434.42,0.6577785223218171,0.7118501479179994,1.6285603552968801,2.03219373129579
UK,19,147.92,151.75,2014,196.96,434.42,0.2726364407895337,0.7118501479179994,1.6285603552968801,2.03219373129579
BE,25,182.0,181.0,2014,163.06,336.42,0.677229148149697,0.37490771090211594,0.06357054039784316,0.37877876622712636
DE,25,192.0,175.0,2014,178.48,347.94,0.48238492477754713,0.6937920591474548,0.13534117305525054,1.130863095470748
IE,25,179.0,168.0,2014,172.89,365.9,0.2550666641767056,0.2792424064285143,0.4454500596539974,0.8582203327942336
LT,25,143.49,142.95,2014,172.79,268.43,0.5584079684020206,0.8531159141906838,1.2375295158905397,0.8533430025137954
LV,25,158.62,153.99,2014,178.3,241.04,0.19989459739726415,0.37064389529548625,1.7104628345954223,1.1220839009659596
NL,25,190.0,180.0,2014,156.99,346.63,0.6447551109210053,0.6300151894983871,0.11272187230667817,0.08272481820450765
PL,25,168.23,141.21,2014,171.97,303.99,0.6149127931799434,0.06419603663171602,0.6235277337384543,0.8133488942141996
PL,25,151.76,141.21,2014,171.97,303.99,0.6149127931799434,0.5893985581917891,0.6235277337384543,0.8133488942141996
PL,25,137.08,141.21,2014,171.97,303.99,0.6149127931799434,1.057520781415946,0.6235277337384543,0.8133488942141996
PT,25,210.0,194.0,2014,192.0,375.36,1.0993916321226884,1.2677838859890649,0.6087924910139173,1.7902781493860382
SK,25,107.16,107.49,2014,176.34,300.02,1.7099373285314263,2.0116227513660005,0.6920763016558839,1.0264882274693639
AT,31,176.5,183.0,2014,174.73,348.85,0.7421772226070803,0.19952131936717957,0.15105381708670196,0.9479632099543028
BE,31,196.0,180.0,2014,151.73,334.02,0.6447551109210053,0.8213457984455904,0.10501048070057167,0.1738227545465602
DE,31,193.0,177.0,2014,168.83,348.34,0.5473329992349304,0.7256804939719887,0.14224782977237146,0.6602007234084304
FR,31,178.58,168.58,2014,162.29,374.75,0.27390160576934713,0.26584926380221047,0.598259839520307,0.34122332306774916
LT,31,173.91,167.4,2014,173.15,272.49,0.23558224183949078,0.11693027317163668,1.1674269502117582,0.8709013915233748
PL,31,185.11,181.02,2014,163.45,299.16,0.6778786288942712,0.4740807432064168,0.7069256135976939,0.397800354320836
PL,31,182.79,181.02,2014,163.45,299.16,0.6778786288942712,0.40009957441349747,0.7069256135976939,0.397800354320836
PL,31,176.29,181.02,2014,163.45,299.16,0.6778786288942712,0.1928247480540272,0.7069256135976939,0.397800354320836
PT,31,220.0,203.0,2014,194.0,370.96,1.3916579671809133,1.5866682342344038,0.5328192671255821,1.8878247549948088
RO,31,137.31,179.85,2014,187.08,267.21,0.6398840053367014,1.0501864414063036,1.25859481887776,1.5503134995884629
SK,31,144.69,130.0,2014,177.46,302.14,0.978946750513577,0.8148497924012436,0.6554710210551408,1.0811143266102756
BE,37,212.0,196.0,2014,152.36,333.86,1.1643397065800718,1.3315607556381326,0.10777314338741964,0.1430955737797963
CZ,37,174.23,149.72,2014,168.33,308.96,0.3385587363637778,0.1271345723154873,0.5377125240282223,0.6358140720062376
DE,37,208.0,185.0,2014,168.15,354.91,0.8071252970644636,1.204007016339997,0.25568966635109,0.6270348775014479
FR,37,195.44,182.44,2014,156.29,372.71,0.7239917617590129,0.8034882749438513,0.563035890262988,0.04858350624143708
LT,37,180.52,170.67,2014,163.45,260.18,0.3417723435773119,0.3277128273618061,1.3799793106811669,0.397800354320836
PL,37,173.72,178.17,2014,160.15,302.63,0.5853276227924993,0.11087147055497532,0.647010366576667,0.23684845506636518
PL,37,187.31,178.17,2014,160.15,302.63,0.5853276227924993,0.544235299820391,0.647010366576667,0.23684845506636518
PL,37,178.32,178.17,2014,160.15,302.63,0.5853276227924993,0.257558270747831,0.647010366576667,0.23684845506636518
PT,37,222.0,200.0,2014,182.0,369.91,1.2942358554948383,1.6504451038834715,0.5146892932431395,1.3025451213421848
SK,37,161.34,163.25,2014,175.49,322.94,0.10081498734042024,0.28390735257275407,0.29632487176483197,0.9850309200856366
BE,43,206.0,185.0,2014,128.23,331.89,0.8071252970644636,1.1402301466909293,0.1417884277192426,1.319995370449616
FR,43,192.37,170.37,2014,134.29,363.87,0.33203013240870494,0.7055907800325325,0.4103987768146072,1.0244291554550407
LT,43,179.06,172.11,2014,147.82,234.54,0.3885349571866287,0.2811557125179864,1.8226960062486437,0.3645263685117068
PL,43,183.99,176.48,2014,145.31,289.59,0.5304464998760104,0.4383656962029387,0.8721673755548224,0.4869473585507135
PL,43,187.98,176.48,2014,145.31,289.59,0.5304464998760104,0.5656005511528283,0.8721673755548224,0.4869473585507135
PL,43,194.99,176.48,2014,145.31,289.59,0.5304464998760104,0.7891384792728114,0.8721673755548224,0.4869473585507135
PT,43,228.0,198.0,2014,146.0,371.69,1.229287781037455,1.8417757128306749,0.5454239156343289,0.4532937796156878
BE,49,191.0,170.0,2014,125.23,332.17,0.32001473863408886,0.6619036243229209,0.13695376801725717,1.4663152788627714
DE,49,192.0,171.0,2014,139.45,369.62,0.35248877586278055,0.6937920591474548,0.5096819671232262,0.7727589129844123
FR,49,175.23,160.0,2014,131.29,371.61,0.0047256336528276165,0.15902300714002118,0.5440425842909049,1.1707490638681965
HU,49,148.51,141.83,2014,144.64,252.23,0.5947788900981544,0.6930359713715243,1.5172491129339534,0.5196254714296525
LT,49,188.06,158.21,2014,137.55,261.76,0.06285416029218541,0.5681516259387914,1.3526980166485378,0.8654281883127434
NL,49,196.0,177.5,2014,116.49,318.94,0.5635700178492763,0.8213457984455904,0.36539143893604514,1.8925939453730996
PL,49,194.55,175.91,2014,135.12,304.92,0.5119362986556564,0.7751075679500167,0.6074697568711471,0.9839473141274001
PL,49,190.1,175.91,2014,135.12,304.92,0.5119362986556564,0.6332040329808403,0.6074697568711471,0.9839473141274001
PL,49,189.17,175.91,2014,135.12,304.92,0.5119362986556564,0.6035477885940236,0.6074697568711471,0.9839473141274001
PT,49,210.0,190.0,2014,146.0,368.26,0.9694954832079219,1.2677838859890649,0.48619933428501344,0.4532937796156878
BE,7,170.0,170.0,2015,125.45,339.21,0.32001473863408886,0.00775350699229072,0.015396609795922583,1.4555851522458065
CZ,7,144.61,132.18,2015,133.89,319.96,0.9081533493550291,0.8174008671872057,0.3477794643073861,1.043938476576795
DE,7,171.5,159.0,2015,143.27,389.73,0.037199670881519264,0.04007914524451011,0.8569141335765007,0.5864448962716593
HU,7,148.18,139.49,2015,143.6,227.54,0.6707681372132931,0.70355915486362,1.9435624987982667,0.5703497063462128
IE,7,180.0,162.0,2015,136.19,410.03,0.06022244080455568,0.3111308412530482,1.207426961970407,0.9317598801267082
LT,7,133.02,131.63,2015,137.92,272.89,0.9260140698308098,1.1869878268035536,1.1605202934946373,0.847382066275122
LV,7,142.91,135.78,2015,127.02,221.39,0.7912468153317394,0.8716112063889139,2.049752345824007,1.3790110668429219
NL,7,172.5,168.5,2015,118.94,349.69,0.2713036827910514,0.071967580069044,0.16555779619265631,1.7730993535023554
PL,7,160.91,141.13,2015,137.82,321.53,0.6175107161582392,0.2976193795473039,0.32067083669268504,0.8522593965555603
PL,7,153.97,141.13,2015,137.82,321.53,0.6175107161582392,0.518925117229569,0.32067083669268504,0.8522593965555603
PL,7,144.94,141.13,2015,137.82,321.53,0.6175107161582392,0.80687768369511,0.32067083669268504,0.8522593965555603
PT,7,190.0,187.0,2015,143.0,370.04,0.8720733715218469,0.6300151894983871,0.5169339566762038,0.5996136880288438
SK,7,125.41,120.15,2015,141.12,317.69,1.2988160172161896,1.429658815818257,0.3869747411770493,0.6913074973010881
UK,7,158.02,147.48,2015,183.37,500.54,0.4113005797560474,0.38977695619020636,2.7702307106370343,1.369364546184193
UK,7,158.02,133.72,2015,183.37,500.54,0.8581433320228442,0.38977695619020636,2.7702307106370343,1.369364546184193
UK,7,148.74,147.48,2015,183.37,500.54,0.4113005797560474,0.6857016313618809,2.7702307106370343,1.369364546184193
UK,7,148.74,133.72,2015,183.37,500.54,0.8581433320228442,0.6857016313618809,2.7702307106370343,1.369364546184193
BE,13,164.0,164.0,2015,130.19,347.78,0.12517051526193898,0.19908411593949404,0.13257851036840157,1.2243996969530202
CZ,13,142.97,129.69,2015,140.11,327.19,0.9890137020544716,0.8696979002994418,0.22294164414541792,0.7405685331335168
DE,13,165.0,159.0,2015,145.67,379.0,0.037199670881519264,0.16719568111496017,0.671643067139721,0.46938896954113557
HU,13,144.09,138.37,2015,147.06,264.2,0.7071390589094279,0.8339828532959637,1.3105674106740979,0.4015940786430392
IE,13,170.0,160.0,2015,143.34,407.97,0.0047256336528276165,0.00775350699229072,1.171857679877233,0.5830307650753527
LT,13,115.25,138.01,2015,144.14,269.8,0.7188297123117573,1.7536453136355212,1.213874216634399,0.5440121228318452
LV,13,137.56,130.98,2015,149.66,229.21,0.9471221940294596,1.04221433270017,1.914727207004285,0.27478349135163754
NL,13,170.0,163.0,2015,125.77,363.47,0.09269647803324733,0.00775350699229072,0.40349212009748625,1.4399776953484036
PL,13,172.73,134.66,2015,143.88,317.49,0.8276177370278741,0.07930192007868647,0.3904280695356097,0.5566931815609849
PL,13,153.92,134.66,2015,143.88,317.49,0.8276177370278741,0.5205195389707961,0.3904280695356097,0.5566931815609849
PL,13,155.61,134.66,2015,143.88,317.49,0.8276177370278741,0.466628084117333,0.3904280695356097,0.5566931815609849
SK,13,127.37,116.8,2015,146.79,315.08,1.407604041932307,1.3671574835621703,0.43204067625626613,0.41476287040022375
UK,13,147.56,123.49,2015,182.71,492.16,1.19035273287236,0.7233299844548311,2.625536252413343,1.3371741663332988
UK,13,147.56,142.8,2015,182.71,492.16,0.5632790739863236,0.7233299844548311,2.625536252413343,1.3371741663332988
UK,13,136.55,123.49,2015,182.71,492.16,1.19035273287236,1.074421651872949,2.625536252413343,1.3371741663332988
UK,13,136.55,142.8,2015,182.71,492.16,0.5632790739863236,1.074421651872949,2.625536252413343,1.3371741663332988
BE,19,173.0,170.0,2015,130.49,351.03,0.32001473863408886,0.08791179748131095,0.1886950961950123,1.209767706111704
CZ,19,152.11,128.25,2015,140.73,326.92,1.0357763156637876,0.5782376060032015,0.2276036374294745,0.710329085394799
DE,19,176.0,163.5,2015,146.24,370.29,0.10893349664759315,0.1835771019549126,0.5212506171244047,0.44158818694263485
HU,19,150.0,147.13,2015,143.86,256.12,0.4226664927860893,0.6455222034829685,1.4500818763599483,0.5576686476170718
IE,19,170.0,159.0,2015,147.49,410.17,0.037199670881519264,0.00775350699229072,1.2098442918214,0.3806215584371532
LT,19,146.13,119.9,2015,150.94,282.17,1.3069345265233625,0.7689304462539148,1.000285857657422,0.21235366376202425
LV,19,110.35,141.52,2015,151.84,225.38,0.604845841639049,1.9098986442757373,1.9808584450707218,0.16845769123807716
NL,19,181.5,174.0,2015,121.76,347.84,0.4499108875488555,0.358963493489849,0.13361450887596982,1.6355586395939883
PL,19,166.66,142.27,2015,137.86,318.91,0.5804903137175302,0.11426087930623402,0.3659094381898288,0.8503084644433838
PL,19,153.71,142.27,2015,137.86,318.91,0.5804903137175302,0.5272161102839475,0.3659094381898288,0.8503084644433838
PL,19,155.89,142.27,2015,137.86,318.91,0.5804903137175302,0.4576993223664643,0.3659094381898288,0.8503084644433838
PT,19,189.0,183.0,2015,156.0,365.48,0.7421772226070803,0.5981267546738531,0.43819807010102074,0.03443924842816571
RO,19,163.97,149.82,2015,149.1,278.68,0.33531133264090884,0.2000407689842301,1.0605464375143059,0.3020965409220935
SK,19,122.24,130.36,2015,145.04,326.21,0.9672560971112477,1.5307451542120294,0.23986295310236547,0.5001161503078981
UK,19,162.48,137.69,2015,181.01,462.87,0.7292214042249384,0.2475545368727859,2.1197963143021337,1.2542595515658428
UK,19,162.48,154.08,2015,181.01,462.87,0.19697193404668178,0.2475545368727859,2.1197963143021337,1.2542595515658428
UK,19,149.46,137.69,2015,181.01,462.87,0.7292214042249384,0.6627419582882166,2.1197963143021337,1.2542595515658428
UK,19,149.46,154.08,2015,181.01,462.87,0.19697193404668178,0.6627419582882166,2.1197963143021337,1.2542595515658428
BE,25,168.0,165.0,2015,138.26,352.49,0.15764455249063064,0.0715303766413585,0.21390439321250573,0.8307991433216309
DE,25,170.0,159.0,2015,155.13,370.61,0.037199670881519264,0.00775350699229072,0.5267759424981016,0.007993525011649762
IE,25,171.0,160.0,2015,154.04,419.79,0.0047256336528276165,0.024134927832243167,1.375949385868168,0.061156425068429957
LT,25,152.69,145.91,2015,150.59,273.01,0.46228481820509304,0.5597423138049724,1.1584482964795009,0.22942431974355884
LV,25,107.93,126.0,2015,153.09,227.09,1.1088428994283437,1.987068656551109,1.951332487605028,0.10749106273259548
NL,25,171.0,165.0,2015,135.46,350.0,0.15764455249063064,0.024134927832243167,0.17091045514842537,0.9673643911739089
PL,25,156.22,145.96,2015,148.46,318.63,0.46066111634365814,0.44717613887436775,0.37074409789181423,0.33331145471689944
PL,25,157.99,145.96,2015,148.46,318.63,0.46066111634365814,0.39073360923494244,0.37074409789181423,0.33331145471689944
PL,25,167.71,145.96,2015,148.46,318.63,0.46066111634365814,0.08077802274047308,0.37074409789181423,0.33331145471689944
PT,25,185.0,182.0,2015,165.0,356.11,0.7097031853783887,0.4705730153757176,0.27640963650245376,0.47339897366763384
UK,25,156.34,149.45,2015,186.58,484.92,0.34732672641552487,0.44334952669542355,2.5005257658334465,1.5259268481862702
UK,25,156.34,135.27,2015,186.58,484.92,0.8078085743183717,0.44334952669542355,2.5005257658334465,1.5259268481862702
UK,25,145.6,149.45,2015,186.58,484.92,0.34732672641552487,0.7858313167109178,2.5005257658334465,1.5259268481862702
UK,25,145.6,135.27,2015,186.58,484.92,0.8078085743183717,0.7858313167109178,2.5005257658334465,1.5259268481862702
BE,31,178.0,174.0,2015,128.03,349.58,0.4499108875488555,0.2473539716039804,0.1636584655954477,1.3297500310104924
CZ,31,146.17,126.95,2015,148.35,327.33,1.0779925640610866,0.7676549088609337,0.2205243142944257,0.33867651802538246
DE,31,185.0,173.0,2015,145.83,363.37,0.4174368503201638,0.4705730153757176,0.40176545591820556,0.46158524109243265
FR,31,163.51,180.51,2015,157.35,382.78,0.6613168699076378,0.21470944900351596,0.736910973116517,0.10028320721408565
HU,31,153.49,154.13,2015,151.3,265.1,0.19534823218524774,0.5342315659453449,1.2950274330605744,0.19479527475244487
IE,31,181.0,168.0,2015,147.23,422.35,0.2550666641767056,0.34301927607758204,1.4201519888577445,0.3933026171662943
LT,31,173.74,150.66,2015,144.54,255.76,0.3080331413688077,0.11150923925146632,1.4562978674053577,0.5245028017100908
LV,31,169.96,172.13,2015,146.54,204.27,0.38918443793120194,0.009029044385271821,2.3453572533167995,0.4269561961013201
NL,31,179.0,175.0,2015,122.96,355.19,0.48238492477754713,0.2792424064285143,0.26052432605307446,1.5770306762287265
PL,31,159.27,151.24,2015,141.17,310.25,0.2891981997761662,0.34991641265953904,0.5154385561155058,0.6888688321608696
PL,31,187.8,151.24,2015,141.17,310.25,0.2891981997761662,0.5598606328844129,0.5154385561155058,0.6888688321608696
PL,31,160.68,151.24,2015,141.17,310.25,0.2891981997761662,0.30495371955694633,0.5154385561155058,0.6888688321608696
PT,31,204.0,198.0,2015,166.0,354.25,1.229287781037455,1.0764532770418616,0.2442936827678394,0.5221722764720192
RO,31,154.43,157.49,2015,155.22,249.91,0.08623546709684336,0.5042564372102831,1.557307721893257,0.0036039277592549144
UK,31,166.8,159.34,2015,189.72,512.32,0.026158498223763996,0.1097964984307988,2.9736317509562578,1.6790750189920396
UK,31,165.2,159.34,2015,189.72,512.32,0.026158498223763996,0.16081799415005374,2.9736317509562578,1.6790750189920396
BE,37,177.0,172.0,2015,135.88,350.52,0.3849628130914722,0.2154655367794465,0.17988910888068277,0.9468796039960677
CZ,37,162.44,131.99,2015,147.77,320.84,0.9143234164284805,0.248830074265767,0.33258481952971924,0.3669650336519252
DE,37,184.0,171.0,2015,152.23,375.75,0.35248877586278055,0.4386845805511837,0.6155264813131103,0.14943610314436756
FR,37,168.44,183.44,2015,154.65,377.45,0.7564657989877046,0.05749946531856366,0.6448797723608757,0.03140471035775423
IE,37,172.0,163.0,2015,143.71,394.57,0.09269647803324733,0.056023362656777057,0.9404846798536682,0.5649846430377298
LT,37,153.0,146.0,2015,145.68,261.53,0.4593621548545107,0.5498568990093669,1.356669344260883,0.46890123651309074
NL,37,185.0,175.0,2015,131.03,331.98,0.48238492477754713,0.4705730153757176,0.14023442995788976,1.1834301225973363
PL,37,155.72,143.02,2015,147.46,306.29,0.5561347857960115,0.46312035628663467,0.5838144576150065,0.3820847575212848
PL,37,183.29,143.02,2015,147.46,306.29,0.5561347857960115,0.4160437918257644,0.5838144576150065,0.3820847575212848
PL,37,161.15,143.02,2015,147.46,306.29,0.5561347857960115,0.28996615518941543,0.5838144576150065,0.3820847575212848
PT,37,194.0,195.0,2015,162.0,351.57,1.13186566935138,0.7575689287965226,0.19801908276312644,0.3270790652544778
RO,37,162.33,126.55,2015,150.13,233.97,1.0909821789525633,0.2523378020964652,1.8325379920705414,0.2518600390335765
UK,37,162.82,153.98,2015,180.93,494.71,0.20021933776955167,0.23671246903244425,2.6695661889849904,1.2503576873414928
UK,37,173.2,153.98,2015,180.93,494.71,0.20021933776955167,0.09428948444621736,2.6695661889849904,1.2503576873414928
BE,43,177.0,179.0,2015,130.93,348.53,0.6122810736923138,0.2154655367794465,0.14552849171300405,1.1883074528777746
FR,43,151.37,173.37,2015,139.65,368.74,0.4294522440947799,0.601835047773357,0.49448732234555937,0.7630042524235344
IE,43,178.0,165.0,2015,139.52,382.31,0.15764455249063064,0.2473539716039804,0.7287956514739,0.7693447817881043
LT,43,155.74,137.24,2015,145.63,258.95,0.7438347209778493,0.4624825875901437,1.4012172800863152,0.4713399016533106
LV,43,155.73,160.0,2015,152.19,197.15,0.0047256336528276165,0.46280147193838966,2.468295742881559,0.15138703525654257
NL,43,175.25,171.75,2015,123.01,332.79,0.3768443037842993,0.1596607758365122,0.12624845010571906,1.5745920110885068
PL,43,155.82,148.05,2015,137.75,312.01,0.39279037853569243,0.4599315128041815,0.4850492665601721,0.8556735277518669
PL,43,184.28,148.05,2015,137.75,312.01,0.39279037853569243,0.44761334230205324,0.4850492665601721,0.8556735277518669
PL,43,160.59,148.05,2015,137.75,312.01,0.39279037853569243,0.3078236786911545,0.4850492665601721,0.8556735277518669
PT,43,195.0,192.0,2015,137.0,353.93,1.0344435576653053,0.7894573636210565,0.23876835739414246,0.8922535048551559
SK,43,125.53,127.06,2015,152.98,319.0,1.0744204199659304,1.4258322036393127,0.3643554404284769,0.11285612604107854
UK,43,169.93,153.15,2015,175.59,487.18,0.22717278866936522,0.009985697430007875,2.539548376285182,0.9899082503660749
UK,43,158.32,153.15,2015,175.59,487.18,0.22717278866936522,0.38021042574284675,2.539548376285182,0.9899082503660749
AT,49,150.5,131.5,2015,134.76,389.4,0.9302356946705396,0.6295779860707016,0.8512161417848749,1.0015057031369796
BE,49,171.0,173.0,2015,115.7,340.15,0.4174368503201638,0.024134927832243167,0.000834033489312478,1.9311248545885638
DE,49,175.0,160.0,2015,130.34,382.2,0.0047256336528276165,0.15168866713037873,0.7268963208766914,1.2170837015323621
IE,49,179.0,162.0,2015,136.7,381.24,0.06022244080455568,0.2792424064285143,0.7103203447556006,0.906885495696472
LT,49,159.9,149.88,2015,126.97,268.42,0.33336289040718725,0.3298266987200828,1.2377021823084675,1.381449731983141
NL,49,181.0,170.0,2015,108.26,313.4,0.32001473863408886,0.34301927607758204,0.4610486344681758,2.2939982274531907
PL,49,161.06,135.77,2015,117.3,319.13,0.7915715557040259,0.2928361143236236,0.36211077699541255,1.8530875701015475
PL,49,149.88,135.77,2015,117.3,319.13,0.7915715557040259,0.6493488156619127,0.36211077699541255,1.8530875701015475
PL,49,143.02,135.77,2015,117.3,319.13,0.7915715557040259,0.8681034785582147,0.36211077699541255,1.8530875701015475
PT,49,190.0,190.0,2015,121.0,352.47,0.9694954832079219,0.6300151894983871,0.21355906037664998,1.6726263497253215
SK,49,126.34,124.03,2015,139.99,309.22,1.1728167527688662,1.4000025714314401,0.5332231971620927,0.7464213294700432
UK,49,152.42,142.86,2015,178.34,499.1,0.561330631752602,0.5683521912075968,2.7453667464553977,1.1240348330781345
UK,49,170.04,142.86,2015,178.34,499.1,0.561330631752602,0.0064779695993096185,2.7453667464553977,1.1240348330781345
CZ,1,135.38,117.39,2016,133.25,321.04,1.3884443599673788,1.1117311206176541,0.3291314911711578,1.0751533903716008
DE,1,151.0,134.5,2016,131.84,397.54,0.8328135829844647,0.6136337686584347,0.9917666059782946,1.1439237473257842
FR,1,130.0,135.0,2016,123.35,372.36,0.8165765643701188,1.2832908999736463,0.5569925656355074,1.5580090881350162
IE,1,155.0,145.0,2016,135.83,384.39,0.49183619208320234,0.48608002936029904,0.7647102664029306,0.9493182691362861
LT,1,131.78,104.39,2016,130.9,266.22,1.8106068439403702,1.2265294859859759,1.2756887942526345,1.1897706519619062
NL,1,157.0,139.0,2016,112.76,318.94,0.6866804154553523,0.4223031597112313,0.36539143893604514,2.0745183648334566
PL,1,153.37,135.36,2016,119.75,318.64,0.8048859109677894,0.5380581781242891,0.3705714314738863,1.733592978230803
PL,1,144.32,135.36,2016,119.75,318.64,0.8048859109677894,0.8266485132863212,0.3705714314738863,1.733592978230803
PL,1,144.52,135.36,2016,119.75,318.64,0.8048859109677894,0.8202708263214139,0.3705714314738863,1.733592978230803
PT,1,175.0,173.0,2016,118.0,354.56,0.4174368503201638,0.15168866713037873,0.24964634172360844,1.8189462581384774
RO,1,127.79,128.01,2016,122.45,238.69,1.0435700845986737,1.353764340935866,1.7510394428085099,1.6019050606589627
SK,1,123.81,107.86,2016,136.24,325.64,1.6979219347568102,1.480680311537511,0.24970493892426324,0.9293212149864883
UK,1,128.42,113.68,2016,163.82,464.14,1.5089230380858245,1.3336746269964102,2.1417249493789936,0.4158464763584588
UK,1,128.42,127.95,2016,163.82,464.14,1.045518526832395,1.3336746269964102,2.1417249493789936,0.4158464763584588
UK,1,143.87,113.68,2016,163.82,464.14,1.5089230380858245,0.840998308957361,2.1417249493789936,0.4158464763584588
UK,1,143.87,127.95,2016,163.82,464.14,1.045518526832395,0.840998308957361,2.1417249493789936,0.4158464763584588
BE,7,162.0,147.0,2016,117.62,337.73,0.4268881176258191,0.26286098558856186,0.0409512396492708,1.8374801132041436
CZ,7,125.57,106.99,2016,132.39,325.01,1.726174347145772,1.4245566662463316,0.2605829232537292,1.1170984307833731
IE,7,160.0,150.0,2016,136.29,384.17,0.3294660059397441,0.3266378552376296,0.7609116052085144,0.9268825498462698
LT,7,114.32,110.47,2016,136.52,271.31,1.613164697589925,1.783301558022338,1.1878015875272663,0.9156646902012604
LV,7,128.6,121.96,2016,138.48,229.02,1.240038009832258,1.327934708727994,1.9180078689449176,0.820069016704666
NL,7,161.5,151.0,2016,112.48,323.6,0.29699196871105243,0.2788052030008288,0.28492888818158135,2.0881748896186845
PL,7,148.68,126.56,2016,127.34,297.29,1.0906574385802763,0.687614937451353,0.7392142337502362,1.3634036099455182
PL,7,135.72,126.56,2016,127.34,297.29,1.0906574385802763,1.1008890527773125,0.7392142337502362,1.3634036099455182
PL,7,135.26,126.56,2016,127.34,297.29,1.0906574385802763,1.1155577327965984,0.7392142337502362,1.3634036099455182
PT,7,175.0,160.0,2016,124.0,360.55,0.0047256336528276165,0.15168866713037873,0.35307352606250036,1.5263064413121654
RO,7,138.87,134.39,2016,112.83,244.61,0.8363857270796212,1.0004404830800306,1.648820923395114,2.0711042336371497
SK,7,104.44,94.91,2016,136.16,323.88,2.118460716868367,2.0983592940887323,0.28009422847959686,0.9332230792108398
UK,7,140.1,116.4,2016,147.37,438.82,1.4205936568237834,0.9612177082458542,1.7045335791852143,0.38647435477367964
UK,7,140.1,135.82,2016,147.37,438.82,0.7899478538425919,0.9612177082458542,1.7045335791852143,0.38647435477367964
UK,7,148.54,116.4,2016,147.37,438.82,1.4205936568237834,0.6920793183267883,1.7045335791852143,0.38647435477367964
UK,7,148.54,135.82,2016,147.37,438.82,0.7899478538425919,0.6920793183267883,1.7045335791852143,0.38647435477367964
BE,13,158.0,145.0,2016,122.15,338.72,0.49183619208320234,0.3904147248866974,0.023857264274395378,1.6165370515002782
DE,13,157.0,138.0,2016,134.55,363.09,0.7191544526840439,0.4223031597112313,0.3969307962162201,1.0117480967258994
FR,13,147.86,131.86,2016,127.65,369.49,0.9185450412682102,0.7137634540074705,0.5074373036901618,1.3482838860761586
IE,13,161.0,159.0,2016,132.57,385.44,0.037199670881519264,0.2947494204130957,0.7828402402853742,1.1083192362785834
LT,13,107.83,97.96,2016,138.92,264.25,2.019414903320858,1.9902575000335627,1.3097040785844576,0.7986087634707366
LV,13,123.52,106.63,2016,137.94,217.56,1.7378650005481011,1.489927957636626,2.1158835838904437,0.8464066002190338
NL,13,162.0,151.0,2016,117.63,320.25,0.29699196871105243,0.26286098558856186,0.34277213818747276,1.8369923801761003
PL,13,136.93,121.38,2016,131.8,314.31,1.2588729514248993,1.0623040466396263,0.44533599043672434,1.145874679437959
PL,13,149.94,121.38,2016,131.8,314.31,1.2588729514248993,0.6474355095724406,0.44533599043672434,1.145874679437959
PL,13,135.29,121.38,2016,131.8,314.31,1.2588729514248993,1.1146010797518622,0.44533599043672434,1.145874679437959
PT,13,165.0,155.0,2016,122.35,364.21,0.16709581979628588,0.16719568111496017,0.4162694350241599,1.6067823909394015
RO,13,138.85,134.8,2016,116.05,261.29,0.8230713718158568,1.0010782517765215,1.360813338291155,1.9140541986070292
SK,13,104.65,90.48,2016,131.22,320.73,2.262320701791471,2.09166272277558,0.3344841501269269,1.1741631950645033
UK,13,138.03,137.22,2016,144.77,416.49,0.7444842017224235,1.027226768332639,1.3189694679519168,0.5132849420650812
UK,13,138.03,119.39,2016,144.77,416.49,1.3234962855099954,1.027226768332639,1.3189694679519168,0.5132849420650812
UK,13,151.12,137.22,2016,144.77,416.49,0.7444842017224235,0.6098071564794904,1.3189694679519168,0.5132849420650812
UK,13,151.12,119.39,2016,144.77,416.49,1.3234962855099954,0.6098071564794904,1.3189694679519168,0.5132849420650812
BE,19,163.0,138.0,2016,125.27,332.53,0.7191544526840439,0.23097255076402795,0.13073777697184874,1.4643643467505962
DE,19,163.5,145.0,2016,145.52,346.4,0.49183619208320234,0.215028333351761,0.1087505446943331,0.4767049649617922
FR,19,152.72,133.72,2016,132.35,355.17,0.8581433320228442,0.5587856607602364,0.2601789932172187,1.119049362895548
IE,19,165.0,152.0,2016,140.75,395.2,0.2645179314823608,0.16719568111496017,0.9513626641831343,0.7093536193387109
LT,19,123.63,113.48,2016,142.35,270.97,1.515417845531563,1.4864202298059273,1.193672245736819,0.6313163348516946
LV,19,113.63,124.04,2016,143.28,216.31,1.1724920123965792,1.8053045780512662,2.1374668861314476,0.5859571632436159
NL,19,172.0,157.0,2016,125.81,317.39,0.10214774533890257,0.056023362656777057,0.39215473371489046,1.4380267632362278
PL,19,154.42,126.26,2016,135.66,299.0,1.1003996497488837,0.5045753215585291,0.7096882762845429,0.9576097306130325
PL,19,137.83,126.26,2016,135.66,299.0,1.1003996497488837,1.0336044552975456,0.7096882762845429,0.9576097306130325
PL,19,136.53,126.26,2016,135.66,299.0,1.1003996497488837,1.07505942056944,0.7096882762845429,0.9576097306130325
PT,19,175.0,165.0,2016,133.35,360.77,0.15764455249063064,0.15168866713037873,0.3568721872569166,1.0702760600911627
SK,19,102.08,94.44,2016,131.43,320.34,2.1337235143658524,2.1736160002746323,0.3412181404261209,1.163920801475582
UK,19,158.52,131.47,2016,147.96,411.55,0.9312099157874004,0.37383273877793943,1.2336722574954686,0.3576981061190921
UK,19,158.52,140.91,2016,147.96,411.55,0.6246550043485514,0.37383273877793943,1.2336722574954686,0.3576981061190921
UK,19,152.95,131.47,2016,147.96,411.55,0.9312099157874004,0.5514513207505939,1.2336722574954686,0.3576981061190921
UK,19,152.95,140.91,2016,147.96,411.55,0.6246550043485514,0.5514513207505939,1.2336722574954686,0.3576981061190921
BE,25,170.0,146.0,2016,145.31,335.36,0.4593621548545107,0.00775350699229072,0.0818731806982147,0.4869473585507135
DE,25,166.0,150.0,2016,164.21,344.0,0.3294660059397441,0.1353072462904263,0.06731060439160558,0.4348680644521698
LT,25,134.75,119.45,2016,160.28,266.21,1.321547843276274,1.1318208345571104,1.2758614606705634,0.24318898443093506
LV,25,133.6,135.0,2016,160.84,221.86,0.8165765643701188,1.1684925346053245,2.041637024181389,0.27050203400139095
NL,25,177.23,159.67,2016,147.96,318.24,0.015442065938296267,0.22279987678908897,0.37747808819100725,0.3576981061190921
PL,25,159.93,121.82,2016,153.8,303.99,1.244584375044275,0.3288700456753468,0.6235277337384543,0.0728620177414815
PL,25,142.78,121.82,2016,153.8,303.99,1.244584375044275,0.8757567029161032,0.6235277337384543,0.0728620177414815
PL,25,139.64,121.82,2016,153.8,303.99,1.244584375044275,0.9758863882651401,0.6235277337384543,0.0728620177414815
PT,25,179.0,174.0,2016,170.0,354.76,0.4499108875488555,0.2792424064285143,0.25309967008216894,0.7172654876895606
AT,31,152.5,140.5,2016,176.24,344.79,0.6379693596123148,0.5658011164216338,0.08095125140792053,1.0216108971889255
AT,31,152.5,137.5,2016,176.24,344.79,0.7353914712983898,0.5658011164216338,0.08095125140792053,1.0216108971889255
BE,31,157.0,152.0,2016,155.36,332.37,0.2645179314823608,0.4223031597112313,0.1335004396586967,0.003224334633359755
CZ,31,137.58,125.56,2016,163.73,320.15,1.1231314758089679,1.041576564003679,0.3444988023667535,0.41145687910606393
DE,31,156.0,151.0,2016,172.47,346.87,0.29699196871105243,0.4541915945357652,0.11686586633695112,0.8377355456163923
IE,31,162.0,151.0,2016,152.09,377.78,0.29699196871105243,0.26286098558856186,0.6505777641525006,0.15626436553698084
LT,31,135.87,133.37,2016,163.5,276.14,0.8695092450528861,1.0961057875536322,1.1044037076680266,0.40023901946105583
NL,31,157.0,153.0,2016,148.36,302.49,0.23204389425366917,0.4223031597112313,0.6494276964276592,0.3381887849973377
PL,31,151.69,141.62,2016,164.12,308.7,0.60159843791618,0.5916307486295063,0.5422018508943511,0.43047846719977495
PL,31,151.35,141.62,2016,164.12,308.7,0.60159843791618,0.602472816469848,0.5422018508943511,0.43047846719977495
PL,31,161.1,141.62,2016,164.12,308.7,0.60159843791618,0.2915605769306425,0.5422018508943511,0.43047846719977495
PT,31,175.0,175.0,2016,179.0,352.47,0.48238492477754713,0.15168866713037873,0.21355906037664998,1.1562252129290287
SK,31,125.34,129.28,2016,173.37,324.77,1.0023280573182352,1.4318910062559742,0.26472691728400216,0.8816315181403395
UK,31,136.99,127.13,2016,157.21,416.75,1.0721472373599223,1.060390740550154,1.3234587948180456,0.09345494482147237
UK,31,136.99,140.67,2016,157.21,416.75,0.6324487732834376,1.060390740550154,1.3234587948180456,0.09345494482147237
UK,31,147.24,127.13,2016,157.21,416.75,1.0721472373599223,0.7335342835986818,1.3234587948180456,0.09345494482147237
UK,31,147.24,140.67,2016,157.21,416.75,0.6324487732834376,0.7335342835986818,1.3234587948180456,0.09345494482147237
AT,37,132.5,132.5,2016,178.44,366.51,0.897761657441848,1.2035698129123116,0.4559827111476077,1.1289121633585728
AT,37,132.5,130.0,2016,178.44,366.51,0.978946750513577,1.2035698129123116,0.4559827111476077,1.1289121633585728
BE,37,143.0,142.0,2016,155.04,336.64,0.5892583037692773,0.8687412472547057,0.05977187920342694,0.012383122264044609
DE,37,149.5,141.5,2016,176.08,361.45,0.6054953223836231,0.6614664208952354,0.36861350367602297,1.0138071687402241
FR,37,129.44,141.44,2016,166.76,355.04,0.6074437646173447,1.3011484234753854,0.25793432978415437,0.5592399866033516
HU,37,130.04,127.14,2016,175.0,213.07,1.071822496987635,1.2820153625806652,2.1934108055401307,0.9611320017114873
IE,37,154.0,143.0,2016,159.98,376.61,0.5567842665405857,0.517968464184833,0.6303757932549214,0.2285569935896189
LT,37,134.97,121.77,2016,162.22,271.79,1.2462080769057096,1.1248053788957129,1.1795135994667203,0.33780919187144254
LV,37,118.98,110.0,2016,169.93,213.51,1.62842749508741,1.6347014517400096,2.185813483151297,0.7138513564932539
NL,37,153.0,146.0,2016,150.7,311.17,0.4593621548545107,0.5498568990093669,0.49955324566612647,0.22405925643507718
PL,37,145.17,138.0,2016,164.27,316.65,0.7191544526840439,0.7995433436854675,0.40493204864156507,0.43779446262043303
PL,37,143.32,138.0,2016,164.27,316.65,0.7191544526840439,0.8585369481108551,0.40493204864156507,0.43779446262043303
PL,37,153.97,138.0,2016,164.27,316.65,0.7191544526840439,0.518925117229569,0.40493204864156507,0.43779446262043303
PT,37,166.0,163.0,2016,179.0,356.1,0.09269647803324733,0.1353072462904263,0.27623697008452586,1.1562252129290287
UK,37,129.77,123.82,2016,163.99,431.8,1.1796363005868917,1.2906252399832887,1.5833217537997355,0.4241379378352051
UK,37,129.77,137.01,2016,163.99,431.8,0.751303749540449,1.2906252399832887,1.5833217537997355,0.4241379378352051
UK,37,140.88,123.82,2016,163.99,431.8,1.1796363005868917,0.9363447290827177,1.5833217537997355,0.4241379378352051
UK,37,140.88,137.01,2016,163.99,431.8,0.751303749540449,0.9363447290827177,1.5833217537997355,0.4241379378352051
BE,43,149.0,150.0,2016,141.82,339.12,0.3294660059397441,0.6774106383075024,0.01695060755727445,0.6571661853380188
DE,43,153.0,140.0,2016,157.99,368.57,0.6542063782266606,0.5498568990093669,0.4915519932407825,0.131498121008893
FR,43,132.37,141.37,2016,153.76,357.65,0.6097169472233529,1.2077153094395008,0.30300026486337023,0.07481294985365791
HU,43,135.4,127.34,2016,159.21,262.1,1.0653276895418968,1.1110933519211632,1.3468273584389843,0.19100155043024306
IE,43,160.0,150.0,2016,158.54,357.34,0.3294660059397441,0.3266378552376296,0.29764760590760114,0.1583234375513041
LT,43,131.0,113.48,2016,158.0,268.86,1.515417845531563,1.2514024651491125,1.230104859919634,0.1319858540369364
NL,43,154.0,153.0,2016,135.97,292.31,0.23204389425366917,0.517968464184833,0.8252021098783969,0.9424900067436729
PL,43,142.56,138.67,2016,149.99,310.2,0.6973968477408209,0.8827721585775006,0.5163018882051461,0.25868830142618976
PL,43,152.01,138.67,2016,149.99,310.2,0.6973968477408209,0.5814264494856557,0.5163018882051461,0.25868830142618976
PL,43,146.12,138.67,2016,149.99,310.2,0.6973968477408209,0.7692493306021598,0.5163018882051461,0.25868830142618976
PT,43,170.0,165.0,2016,160.0,362.72,0.15764455249063064,0.00775350699229072,0.3905421387528838,0.2295324596457071
UK,43,130.56,127.01,2016,163.89,408.13,1.0760441218273649,1.2654333764719072,1.174620342564081,0.41926060755476546
UK,43,130.56,145.62,2016,163.89,408.13,0.47170228900141337,1.2654333764719072,1.174620342564081,0.41926060755476546
UK,43,143.09,127.01,2016,163.89,408.13,1.0760441218273649,0.8658712881204975,1.174620342564081,0.41926060755476546
UK,43,143.09,145.62,2016,163.89,408.13,0.47170228900141337,0.8658712881204975,1.174620342564081,0.41926060755476546
AT,49,135.5,132.5,2016,172.64,379.16,0.897761657441848,1.1079045084387098,0.67440572982657,0.8460270070931373
AT,49,135.5,132.5,2016,172.64,379.16,0.897761657441848,1.1079045084387098,0.67440572982657,0.8460270070931373
BE,49,155.0,149.0,2016,147.07,333.01,0.36194004316843575,0.48608002936029904,0.12244978891130284,0.40110634561499575
DE,49,156.0,138.0,2016,166.45,379.48,0.7191544526840439,0.4541915945357652,0.679931055200267,0.544120262733992
IE,49,164.0,153.0,2016,155.54,364.47,0.23204389425366917,0.19908411593949404,0.4207587618902896,0.012003529138148065
LT,49,135.91,115.95,2016,161.28,286.69,1.4352069735766946,1.094830250160651,0.9222406367539515,0.2919622872353204
NL,49,169.0,155.0,2016,141.46,315.46,0.16709581979628588,0.03964194181682461,0.42547935237500095,0.6747245743475968
PL,49,142.43,137.03,2016,153.56,312.18,0.7506542687958747,0.8869176551046898,0.48211393745539527,0.08456761041453442
PL,49,151.35,137.03,2016,153.56,312.18,0.7506542687958747,0.602472816469848,0.48211393745539527,0.08456761041453442
PL,49,148.05,137.03,2016,153.56,312.18,0.7506542687958747,0.7077046513908092,0.48211393745539527,0.08456761041453442
PT,49,170.0,168.0,2016,157.0,367.09,0.2550666641767056,0.00775350699229072,0.4659973633874333,0.08321255123255106
UK,49,136.27,128.07,2016,179.76,431.49,1.0416216423649522,1.0833504136238186,1.5779690948439664,1.193292923060361
UK,49,136.27,143.82,2016,179.76,431.49,0.5301555560130587,1.0833504136238186,1.5779690948439664,1.193292923060361
UK,49,149.68,128.07,2016,179.76,431.49,1.0416216423649522,0.6557265026268191,1.5779690948439664,1.193292923060361
UK,49,149.68,143.82,2016,179.76,431.49,0.5301555560130587,0.6557265026268191,1.5779690948439664,1.193292923060361
DE,1,175.0,155.0,2017,160.42,383.92,0.16709581979628588,0.15168866713037873,0.7565949447603135,0.25001724682354837
FR,1,154.93,146.43,2017,147.76,369.43,0.4453983188461731,0.4883122197980162,0.5064013051825936,0.36745276667997
IE,1,182.0,168.0,2017,153.56,374.3,0.2550666641767056,0.37490771090211594,0.5904898507135458,0.08456761041453442
LT,1,157.12,128.81,2017,151.82,280.56,1.01759085481572,0.4184765475322871,1.0280851509438358,0.1694331572941654
NL,1,180.5,163.0,2017,138.38,279.5,0.09269647803324733,0.3270750586653151,1.0463877912442072,0.8249463469851044
PL,1,177.49,158.03,2017,150.18,321.37,0.06869948699335013,0.2310908698434684,0.32343349937953303,0.24942137389335667
PL,1,175.25,158.03,2017,150.18,321.37,0.06869948699335013,0.1596607758365122,0.32343349937953303,0.24942137389335667
PL,1,176.44,158.03,2017,150.18,321.37,0.06869948699335013,0.19760801327770744,0.32343349937953303,0.24942137389335667
PT,1,183.0,170.0,2017,157.0,368.34,0.32001473863408886,0.40679614572664985,0.48758066562843744,0.08321255123255106
RO,1,128.68,122.05,2017,149.69,249.17,1.2371153464816758,1.3253836339420308,1.5700850368199315,0.2733202922675059
SK,1,125.81,117.52,2017,163.79,321.01,1.384222735127649,1.4169034418884432,0.3296494904249424,0.41438327727432717
UK,1,164.61,131.44,2017,177.74,427.82,0.9321841369042612,0.17963217069652795,1.514600519464378,1.0947708513955037
UK,1,170.41,131.44,2017,177.74,427.82,0.9321841369042612,0.005320751285768066,1.514600519464378,1.0947708513955037
BE,7,164.0,153.0,2017,141.16,339.03,0.23204389425366917,0.19908411593949404,0.018504605318627295,0.689356565188913
DE,7,161.5,149.0,2017,158.33,378.99,0.36194004316843575,0.2788052030008288,0.6714704007217932,0.1480810439623842
IE,7,173.0,163.0,2017,158.99,375.71,0.09269647803324733,0.08791179748131095,0.6148358156413979,0.18027142381327835
LT,7,126.06,122.05,2017,151.52,272.91,1.2371153464816758,1.4089313331823097,1.1601749606587806,0.18406514813548014
LV,7,133.5,133.6,2017,139.52,227.38,0.8620402164902874,1.1716813780877777,1.9463251614851151,0.7693447817881043
NL,7,165.0,156.0,2017,139.85,287.76,0.13462178256759422,0.16719568111496017,0.9037653300356522,0.7532495918626579
PL,7,143.82,128.98,2017,148.31,319.74,1.012070268486843,0.8425927306985882,0.3515781255018023,0.3406274501375575
PL,7,146.13,128.98,2017,148.31,319.74,1.012070268486843,0.7689304462539148,0.3515781255018023,0.3406274501375575
PL,7,159.67,128.98,2017,148.31,319.74,1.012070268486843,0.3371610387297262,0.3515781255018023,0.3406274501375575
PT,7,173.0,165.0,2017,163.0,371.01,0.15764455249063064,0.08791179748131095,0.5336825992152225,0.37585236805886313
RO,7,130.02,132.04,2017,152.14,271.83,0.9126997145670463,1.2826531312771552,1.178822933795009,0.1538257003967624
SK,7,119.57,117.92,2017,160.95,317.6,1.3712331202361723,1.615887275193535,0.3885287389384011,0.27586709730987263
UK,7,143.3,141.76,2017,176.32,420.89,0.5970520727041636,0.8591747168073453,1.394942691840251,1.0255127614132757
UK,7,143.3,128.46,2017,176.32,420.89,1.028956767845762,0.8591747168073453,1.394942691840251,1.0255127614132757
UK,7,151.65,141.76,2017,176.32,420.89,0.5970520727041636,0.5929062860224874,1.394942691840251,1.0255127614132757
UK,7,151.65,128.46,2017,176.32,420.89,1.028956767845762,0.5929062860224874,1.394942691840251,1.0255127614132757
BE,13,165.0,159.0,2017,150.85,337.54,0.037199670881519264,0.16719568111496017,0.04423190158990339,0.2167432610144191
FR,13,149.36,155.36,2017,160.76,373.13,0.15540516639395643,0.6659308017706698,0.5702878798159656,0.26660016977703954
IE,13,175.0,167.0,2017,163.84,388.25,0.22259262694801393,0.15168866713037873,0.8313595037231516,0.416821942414547
LT,13,116.96,122.12,2017,162.08,276.83,1.2348421638756673,1.6991160900855684,1.0924897248309924,0.33098092947882923
LV,13,122.76,132.12,2017,158.12,234.59,0.9101017915887506,1.5141631681032715,1.8218326741590034,0.13783865037346288
NL,13,171.0,165.0,2017,150.05,263.7,0.15764455249063064,0.024134927832243167,1.3192007315704994,0.2557619032579266
PL,13,161.91,142.11,2017,162.9,317.63,0.5856861596741207,0.26573094472277,0.3880107396846175,0.3709750377784249
PL,13,149.46,142.11,2017,162.9,317.63,0.5856861596741207,0.6627419582882166,0.3880107396846175,0.3709750377784249
PL,13,143.39,142.11,2017,162.9,317.63,0.5856861596741207,0.856304757673138,0.3880107396846175,0.3709750377784249
PT,13,175.0,172.0,2017,177.0,367.53,0.3849628130914722,0.15168866713037873,0.47359468577626673,1.058678607320258
RO,13,126.73,130.46,2017,162.81,258.91,0.9640086933883787,1.387566081849872,1.4019079457580268,0.36658544052603004
SK,13,130.61,120.46,2017,167.61,323.72,1.2887490656752956,1.26383895473068,0.28285689116644486,0.6006972939870803
UK,13,156.28,134.1,2017,177.92,413.74,0.8458031978759415,0.44526283278489565,1.2714862030217078,1.103550045900292
UK,13,156.28,150.71,2017,177.92,413.74,0.30640943950737276,0.44526283278489565,1.2714862030217078,1.103550045900292
BE,19,168.0,165.0,2017,165.72,338.34,0.15764455249063064,0.0715303766413585,0.030418588155661532,0.5085157516867912
DE,19,162.0,156.75,2017,183.31,362.4,0.11026625464607548,0.26286098558856186,0.38501681337918586,1.3664381480159298
FR,19,146.79,157.79,2017,168.76,372.99,0.07649325592823641,0.7478840792697226,0.5678705499649733,0.6567865922121223
IE,19,175.0,170.0,2017,164.94,404.2,0.32001473863408886,0.15168866713037873,1.106762440318364,0.4704725754993706
LT,19,130.87,123.8,2017,179.08,282.46,1.1802857813314653,1.2555479616763017,0.9952785315375098,1.1601270771533803
LV,19,133.2,129.25,2017,175.57,243.69,1.0033022784350958,1.1812479085351382,1.6647062338444933,0.9889327843099867
NL,19,173.0,168.0,2017,162.0,318.62,0.2550666641767056,0.08791179748131095,0.3709167643097421,0.3270790652544778
PL,19,155.51,149.21,2017,175.11,322.09,0.35512049535041024,0.46981692759978705,0.31100151728871517,0.9664970650199703
PL,19,164.82,149.21,2017,175.11,322.09,0.35512049535041024,0.1729355993833765,0.31100151728871517,0.9664970650199703
PL,19,159.57,149.21,2017,175.11,322.09,0.35512049535041024,0.3403498822121794,0.31100151728871517,0.9664970650199703
PT,19,180.0,184.0,2017,185.0,354.68,0.774651259835772,0.3111308412530482,0.25171833873874494,1.4488650297553407
RO,19,141.05,131.31,2017,188.77,252.91,0.9364057617439909,0.9309236951625465,1.505507796514847,1.632740381327874
SK,19,125.19,122.34,2017,181.25,322.67,1.227697875685355,1.4366742714796543,0.3009868650488885,1.2659651442388957
UK,19,155.8,139.97,2017,188.41,432.09,0.6551805993435214,0.46056928150067156,1.5883290799196477,1.6151819923182946
UK,19,155.8,152.07,2017,188.41,432.09,0.26224474887635263,0.46056928150067156,1.5883290799196477,1.6151819923182946
BE,25,163.0,162.0,2017,168.85,338.72,0.06022244080455568,0.23097255076402795,0.023857264274395378,0.6611761894645172
DE,25,162.0,153.5,2017,188.09,362.62,0.21580687563932333,0.26286098558856186,0.3888154745736031,1.5995745354208917
IE,25,176.0,174.0,2017,166.5,406.84,0.4499108875488555,0.1835771019549126,1.1523463746513645,0.5465589278742119
LT,25,126.78,134.76,2017,185.73,278.05,0.8243703333050051,1.3859716601086454,1.0714244218437718,1.4844695408025417
PL,25,162.08,157.46,2017,179.39,316.18,0.08720968821370415,0.26030991080259874,0.4130473702841821,1.1752468010227384
PL,25,160.9,157.46,2017,179.39,316.18,0.08720968821370415,0.29793826389554895,0.4130473702841821,1.1752468010227384
PL,25,164.96,157.46,2017,179.39,316.18,0.08720968821370415,0.16847121850794128,0.4130473702841821,1.1752468010227384
PT,25,180.0,180.0,2017,195.0,361.86,0.6447551109210053,0.3111308412530482,0.37569282681107274,1.9365980577991944
SK,25,123.2,127.5,2017,189.51,328.96,1.0601318435853062,1.5001322567804767,0.1923796881721564,1.6688326254031183
UK,25,155.67,145.05,2017,185.75,428.61,0.4902124902217674,0.46471477802786176,1.528241166480693,1.4854450068586298
BE,31,167.0,146.0,2017,158.41,335.69,0.4593621548545107,0.1034188114658924,0.07617518890658988,0.15198290818673424
DE,31,167.5,150.0,2017,176.96,368.78,0.3294660059397441,0.08747459405362544,0.49517798801727086,1.056727675208083
FR,31,151.58,144.08,2017,164.88,378.48,0.5217123063335982,0.5951384764602046,0.6626644134074636,0.46754617733110737
IE,31,177.0,164.0,2017,167.0,395.0,0.12517051526193898,0.2154655367794465,0.9479093358245738,0.5709455792764045
LT,31,140.84,138.69,2017,173.89,283.24,0.6967473669962467,0.9376202664756988,0.9818105509391227,0.9069936355986189
NL,31,178.0,159.0,2017,153.08,316.12,0.037199670881519264,0.2473539716039804,0.41408336879175034,0.10797879576063889
PL,31,146.04,146.3,2017,169.88,322.09,0.44961994368590286,0.771800405388123,0.31100151728871517,0.7114126913530341
PL,31,163.6,146.3,2017,169.88,322.09,0.44961994368590286,0.21183948986930778,0.31100151728871517,0.7114126913530341
PL,31,154.05,146.3,2017,169.88,322.09,0.44961994368590286,0.5163740424436059,0.31100151728871517,0.7114126913530341
PT,31,183.0,175.0,2017,199.38,359.68,0.48238492477754713,0.40679614572664985,0.3380515477027614,2.150225124082402
UK,31,175.66,141.23,2017,184.79,425.81,0.6142633124353702,0.17273503411457097,1.4798945694608434,1.4386226361664194
UK,31,175.66,150.57,2017,184.79,425.81,0.3109558047193901,0.17273503411457097,1.4798945694608434,1.4386226361664194
UK,31,169.25,141.23,2017,184.79,425.81,0.6142633124353702,0.03166983311069114,1.4798945694608434,1.4386226361664194
UK,31,169.25,150.57,2017,184.79,425.81,0.3109558047193901,0.03166983311069114,1.4798945694608434,1.4386226361664194
BE,37,168.0,145.0,2017,157.57,336.27,0.49183619208320234,0.0715303766413585,0.06616053666676425,0.11101333383105037
DE,37,172.0,153.5,2017,173.19,383.22,0.21580687563932333,0.056023362656777057,0.7445082955053515,0.8728523236355498
FR,37,152.44,146.94,2017,155.62,383.35,0.4288365598595406,0.5677144225111059,0.7467529589384158,0.015905393362499503
IE,37,180.0,168.0,2017,157.63,374.45,0.2550666641767056,0.3111308412530482,0.5930798469824659,0.1139397319993136
LT,37,142.32,131.76,2017,173.52,278.96,0.92179244499108,0.890425382935389,1.0557117778123213,0.8889475135609975
NL,37,178.0,158.5,2017,149.76,349.88,0.05343668949586509,0.2473539716039804,0.1688384581332889,0.2699061610711993
PL,37,165.84,147.11,2017,168.9,329.18,0.4233159735306625,0.1404093958623516,0.1885810269777392,0.663614854604737
PL,37,172.45,147.11,2017,168.9,329.18,0.4233159735306625,0.07037315832781695,0.1885810269777392,0.663614854604737
PL,37,152.3,147.11,2017,168.9,329.18,0.4233159735306625,0.5721788033865401,0.1885810269777392,0.663614854604737
PT,37,183.0,172.0,2017,192.0,368.27,0.3849628130914722,0.40679614572664985,0.48637200070294134,1.7902781493860382
RO,37,138.6,132.19,2017,186.65,242.74,0.9078286089827424,1.009050360482655,1.6811095435476564,1.529340979382577
UK,37,167.74,138.69,2017,182.81,430.93,0.6967473669962467,0.07982136969573701,1.5682997754399965,1.342051496613737
BE,43,166.0,146.0,2017,136.72,338.75,0.4593621548545107,0.1353072462904263,0.02333926502061175,0.9059100296403838
DE,43,175.0,155.0,2017,154.28,398.09,0.16709581979628588,0.15168866713037873,1.0012632589643355,0.04945083239537703
FR,43,150.37,143.37,2017,138.88,390.39,0.5447688727659696,0.6337234825978908,0.8683101171597504,0.8005596955829116
IE,43,180.0,168.0,2017,153.88,367.4,0.2550666641767056,0.3111308412530482,0.4713500223432024,0.06896015351713145
LT,43,143.15,137.84,2017,153.57,279.07,0.7243502986406345,0.8639579820310255,1.0538124472151127,0.08407987738649102
LV,43,138.23,131.0,2017,153.43,224.73,0.9464727132848855,1.0208490813677327,1.992081762236044,0.0909081397791043
NL,43,178.0,159.0,2017,135.11,360.32,0.037199670881519264,0.2473539716039804,0.3491021984501553,0.9844350471554435
PL,43,162.32,149.65,2017,149.22,340.36,0.340831918969786,0.25265668644471123,0.0044600282658017985,0.296243744585567
PL,43,167.79,149.65,2017,149.22,340.36,0.340831918969786,0.07822694795451086,0.0044600282658017985,0.296243744585567
PL,43,164.84,149.65,2017,149.22,340.36,0.340831918969786,0.17229783068688548,0.0044600282658017985,0.296243744585567
PT,43,175.0,165.0,2017,153.0,370.69,0.15764455249063064,0.15168866713037873,0.5281572738415256,0.11188065998499033
UK,43,171.88,142.54,2017,176.85,419.26,0.5717223236657841,0.05219675047783284,1.3667980657179817,1.0513626118996
BE,49,168.0,147.0,2017,131.45,337.67,0.4268881176258191,0.0715303766413585,0.04198723815683904,1.1629453354194952
CZ,49,147.87,135.59,2017,150.64,339.32,0.7974168824051907,0.7134445696592255,0.013497279198713985,0.22698565460334041
DE,49,172.0,148.0,2017,151.66,409.07,0.3944140803971274,0.056023362656777057,1.1908509858493161,0.17723688574286686
IE,49,180.0,168.0,2017,146.35,385.93,0.2550666641767056,0.3111308412530482,0.791300894763848,0.43622312363415316
LT,49,146.52,138.62,2017,144.75,310.87,0.6990205496022549,0.7564939566723461,0.5047332382039676,0.5142604081211695
LV,49,140.42,143.0,2017,154.48,235.0,0.5567842665405857,0.9510134091020036,1.814753351023954,0.03969617183450051
NL,49,174.0,161.0,2017,128.87,321.97,0.02774840357586403,0.11980023230584484,0.3130735143038506,1.2887804566548087
PL,49,175.37,156.61,2017,146.32,348.49,0.11481261985809187,0.1634873880154564,0.14483782604129256,0.4376863227182848
PL,49,175.2,156.61,2017,146.32,348.49,0.11481261985809187,0.15806635409528513,0.14483782604129256,0.4376863227182848
PL,49,180.16,156.61,2017,146.32,348.49,0.11481261985809187,0.31623299082497347,0.14483782604129256,0.4376863227182848
PT,49,174.0,164.0,2017,144.0,372.29,0.12517051526193898,0.11980023230584484,0.5557839007100113,0.5508403852244584
UK,49,162.46,138.15,2017,173.62,427.23,0.71428334709974,0.248192305569276,1.5044132008066244,0.8938248438414358
UK,49,162.46,140.9,2017,173.62,427.23,0.624979744720838,0.248192305569276,1.5044132008066244,0.8938248438414358
BE,1,182.0,176.0,2018,122.32,335.32,0.5148589620062388,0.37490771090211594,0.08256384636992718,1.608245590023533
DE,1,181.0,181.0,2018,143.02,411.14,0.677229148149697,0.34301927607758204,1.226592934360419,0.5986382219727556
IE,1,190.0,192.0,2018,143.51,397.35,1.0344435576653053,0.6300151894983871,0.988485944037662,0.5747393035986077
LT,1,153.42,129.33,2018,141.92,300.79,1.0007043554568,0.536463756383063,0.6787809874754246,0.6522888550575806
LV,1,141.0,158.0,2018,139.49,242.88,0.06967370811021091,0.9325181169037735,1.6786922136966642,0.7708079808722359
NL,1,189.0,185.0,2018,123.47,302.99,0.8071252970644636,0.5981267546738531,0.6407943755312576,1.5521562917984897
PL,1,163.9,147.95,2018,139.64,345.98,0.39603778225856234,0.20227295942194726,0.10149855514135642,0.7634919854515793
PL,1,164.46,147.95,2018,139.64,345.98,0.39603778225856234,0.1844154359202082,0.10149855514135642,0.7634919854515793
PL,1,164.33,147.95,2018,139.64,345.98,0.39603778225856234,0.18856093244739747,0.10149855514135642,0.7634919854515793
PT,1,184.0,182.0,2018,144.0,372.03,0.7097031853783887,0.4386845805511837,0.5512945738438816,0.5508403852244584
RO,1,132.68,149.67,2018,159.49,254.0,0.34018243822521277,1.1978298946438952,1.4866871569606914,0.20465807521547102
UK,1,179.07,150.92,2018,169.13,421.41,0.2995898916893482,0.28147459686623144,1.4039213455725095,0.6748327142497451
BE,7,213.0,221.0,2018,125.0,332.06,1.976190637297363,1.3634491904626664,0.1388530986144658,1.4775331385077801
DE,7,214.0,209.5,2018,149.43,394.4,1.602739209167409,1.3953376252872003,0.9375493507488915,0.2860013509966457
FR,7,207.93,206.93,2018,130.88,381.71,1.5192809334896717,1.20177482590228,0.7184356663982177,1.1907461180179943
IE,7,235.0,230.0,2018,138.47,387.87,2.2684569723555876,2.0649947566024123,0.8247981798418864,0.8205567497327095
LT,7,163.25,165.51,2018,145.2,316.47,0.17420631147726306,0.22300044205789446,0.40804004416426876,0.4923124218591966
LV,7,161.5,157.86,2018,139.89,250.5,0.0742200733222273,0.2788052030008288,1.5471204032355028,0.7512986597504829
NL,7,220.0,223.0,2018,126.31,330.44,2.0411387117547464,1.5866682342344038,0.1668250583188072,1.4136401118340352
PL,7,169.74,162.85,2018,141.98,344.53,0.0878253724489434,0.01604450004666924,0.07646192454179085,0.6493624568893174
PL,7,185.22,162.85,2018,141.98,344.53,0.0878253724489434,0.47758847103711505,0.07646192454179085,0.6493624568893174
PL,7,188.53,162.85,2018,141.98,344.53,0.0878253724489434,0.5831391903063223,0.07646192454179085,0.6493624568893174
PT,7,212.0,208.0,2018,150.0,376.53,1.5540281533243716,1.3315607556381326,0.6289944619114964,0.25820056839814637
RO,7,146.87,152.39,2018,138.9,285.9,0.2518530569631715,0.7453330044837594,0.9358812837702665,0.7995842295268235
SK,7,146.07,133.33,2018,146.83,332.24,0.8708082065420335,0.7708437523433869,0.13574510309176108,0.4128119382880473
UK,7,199.02,186.49,2018,165.38,411.73,0.8555116125352145,0.9176488716156831,1.2367802530181733,0.4919328287333001
BE,13,206.0,212.0,2018,130.13,336.03,1.6839243022391381,1.1402301466909293,0.0703045306970372,1.2273260951212834
CZ,13,173.17,173.37,2018,141.54,346.29,0.4294522440947799,0.09333283140148131,0.10685121409712547,0.6708227101232468
DE,13,204.0,203.5,2018,151.26,395.28,1.4078949857952592,1.0764532770418616,0.9527439955265583,0.19674620686462127
IE,13,218.0,218.0,2018,139.93,394.41,1.878768525611288,1.522891364585336,0.9377220171668204,0.7493477276383065
LT,13,170.62,175.41,2018,151.9,305.1,0.4956992800413106,0.012017322598920436,0.6043617613484423,0.16553129306981393
LV,13,156.28,159.91,2018,144.79,275.52,0.007648297003409976,0.44526283278489565,1.1151090255795646,0.5123094760089945
NL,13,211.0,216.0,2018,131.07,355.84,1.8138204511539047,1.2996723208135987,0.27174764321839623,1.1814791904851614
PL,13,181.17,180.29,2018,143.5,337.69,0.6541725817173257,0.34844030999775244,0.04164190532098328,0.5752270366266511
PL,13,188.78,180.29,2018,143.5,337.69,0.6541725817173257,0.5911112990124557,0.04164190532098328,0.5752270366266511
PL,13,183.46,180.29,2018,143.5,337.69,0.6541725817173257,0.4214648257459357,0.04164190532098328,0.5752270366266511
PT,13,209.0,212.0,2018,164.62,379.93,1.6839243022391381,1.235895451164531,0.6877010440070283,0.45486511860196766
RO,13,150.53,147.99,2018,151.28,294.01,0.394738820769414,0.6286213330259655,0.7958488188306315,0.19577074080853307
SK,13,145.01,148.29,2018,149.35,336.92,0.3849966096008071,0.8046454932573929,0.05493721950144151,0.28990321522099716
UK,13,191.33,183.59,2018,167.21,423.3,0.7613369045720085,0.6724268078150175,1.4365552985609074,0.5811879728653259
UK,13,191.33,198.06,2018,167.21,423.3,1.2312362232711767,0.6724268078150175,1.4365552985609074,0.5811879728653259
BE,19,207.0,217.0,2018,122.97,337.74,1.8462944883825965,1.172118581515463,0.04077857323134292,1.5765429432006823
DE,19,205.0,207.0,2018,143.74,373.73,1.5215541160956798,1.1083417118663954,0.580647864891648,0.5635214439535983
IE,19,217.0,218.0,2018,140.17,408.84,1.878768525611288,1.491002929760802,1.186879658236971,0.737642134965255
LT,19,171.95,170.31,2018,142.3,308.1,0.33008169017498334,0.05442894091555,0.5525618359700325,0.633754999991913
LV,19,189.09,148.8,2018,137.44,266.45,0.36843485061417375,0.6009967138080613,1.2717174666402904,0.8707932516212264
NL,19,213.5,220.0,2018,125.62,342.59,1.9437166000686714,1.3793934078749335,0.04296463946375249,1.447293690769061
PL,19,190.54,188.98,2018,135.15,334.12,0.936371965234656,0.6472349443036352,0.10328381652129094,0.9824841150432685
PL,19,196.64,188.98,2018,135.15,334.12,0.936371965234656,0.8417543967332917,0.10328381652129094,0.9824841150432685
PL,19,187.53,188.98,2018,135.15,334.12,0.936371965234656,0.5512507554817884,0.10328381652129094,0.9824841150432685
PT,19,214.0,214.0,2018,164.62,379.21,1.7488723766965215,1.3953376252872003,0.6752690619162094,0.45486511860196766
RO,19,135.18,190.15,2018,148.64,306.05,0.9743665887922258,1.1181088075825605,0.5879584516452794,0.3245322602121111
UK,19,188.91,188.23,2018,168.63,429.5,0.9120164373131373,0.5952567955396451,1.5436084776762877,0.6504460628475525
BE,25,210.0,215.0,2018,127.95,339.63,1.781346413925213,1.2677838859890649,0.008144620242944923,1.333651895234843
IE,25,218.0,219.0,2018,140.78,411.45,1.9112425628399796,1.522891364585336,1.2319455933161878,0.7078904202545793
LT,25,188.16,184.51,2018,148.94,313.18,0.7912130188224045,0.5713404694212446,0.464847295662592,0.30990026937079496
LV,25,190.0,189.0,2018,143.09,271.08,0.9370214459792302,0.6300151894983871,1.1917729151396113,0.595224090776449
PL,25,191.94,188.99,2018,143.51,329.34,0.9366967056069436,0.6918787530579827,0.1858183642908912,0.5747393035986077
PL,25,197.68,188.99,2018,143.51,329.34,0.9366967056069436,0.8749183689508075,0.1858183642908912,0.5747393035986077
PL,25,195.92,188.99,2018,143.51,329.34,0.9366967056069436,0.8187947236596272,0.1858183642908912,0.5747393035986077
PT,25,218.0,215.0,2018,172.62,376.4,1.781346413925213,1.522891364585336,0.626749798478432,0.8450515410370504
BE,31,164.0,164.0,2018,124.41,339.09,0.12517051526193898,0.19908411593949404,0.017468606811059058,1.5063093871623676
DE,31,161.0,158.0,2018,146.76,363.58,0.06967370811021091,0.2947494204130957,0.4053914506946939,0.41622606948435537
IE,31,172.0,175.0,2018,137.45,384.32,0.48238492477754713,0.056023362656777057,0.7635016014774345,0.8703055185931831
LT,31,144.68,141.69,2018,140.4,287.73,0.5993252553101718,0.8151686767494886,0.9042833292894358,0.7264242753202454
LV,31,126.68,139.54,2018,140.14,221.16,0.669144435351859,1.3891605035910985,2.0537236734363518,0.7391053340493866
NL,31,167.5,164.5,2018,125.63,337.58,0.1414075338762848,0.08747459405362544,0.04354123591819188,1.4468059577410175
PL,31,165.06,159.0,2018,141.19,332.4,0.037199670881519264,0.16528237502548807,0.13298244040491308,0.6878933661047814
PL,31,161.85,159.0,2018,141.19,332.4,0.037199670881519264,0.2676442508122421,0.13298244040491308,0.6878933661047814
PL,31,158.63,159.0,2018,141.19,332.4,0.037199670881519264,0.3703250109472412,0.13298244040491308,0.6878933661047814
PT,31,180.0,180.5,2018,174.0,372.04,0.6609921295353512,0.3111308412530482,0.5514672402618105,0.912358698907102
UK,31,158.15,145.73,2018,169.14,412.78,0.46813014490625776,0.38563145966301715,1.254910226900616,0.6753204472777885
BE,37,167.0,168.0,2018,132.16,337.11,0.2550666641767056,0.1034188114658924,0.051656557560808926,1.1283162904283812
DE,37,165.5,167.5,2018,152.84,378.0,0.23882964556235975,0.1512514637026932,0.6543764253469178,0.11968438843369182
FR,37,148.44,169.44,2018,145.22,371.94,0.3018292777860215,0.6952681618092414,0.5497405760825297,0.4913369558031084
IE,37,175.0,180.0,2018,136.94,375.97,0.6447551109210053,0.15168866713037873,0.6193251425075276,0.8951799030234191
LT,37,153.23,143.21,2018,148.82,286.16,0.5499647187225601,0.5425225589997243,0.9313919569041368,0.3157530657073214
NL,37,174.5,173.0,2018,127.55,345.77,0.4174368503201638,0.13574444971811178,0.09787256036486709,1.3531612163565976
PL,37,158.57,154.05,2018,145.39,328.95,0.19794615516354255,0.3722383170367133,0.19255235459008427,0.4830454943263635
PL,37,156.55,154.05,2018,145.39,328.95,0.19794615516354255,0.43665295538227117,0.19255235459008427,0.4830454943263635
PL,37,164.19,154.05,2018,145.39,328.95,0.19794615516354255,0.19302531332283268,0.19255235459008427,0.4830454943263635
PT,37,183.0,189.0,2018,172.0,372.18,0.9370214459792302,0.40679614572664985,0.5538845701128027,0.8148120932983313
RO,37,137.04,120.48,2018,157.22,297.11,1.2880995849307215,1.058796318808928,0.7423222292729409,0.09394267784951578
UK,37,162.31,153.05,2018,167.53,427.33,0.2304201923922342,0.25297557079295624,1.5061398649859041,0.5967954297627288
UK,37,162.31,167.16,2018,167.53,427.33,0.2277884729046045,0.25297557079295624,1.5061398649859041,0.5967954297627288
BE,43,171.0,178.0,2018,109.62,337.93,0.5798070364636221,0.024134927832243167,0.03749791129071033,2.2276665356392265
FR,43,145.87,167.37,2018,135.97,369.47,0.23460802072262998,0.7772214393082933,0.507091970854306,0.9424900067436729
IE,43,186.0,194.0,2018,139.99,368.01,1.0993916321226884,0.5024614502002515,0.4818826738368126,0.7464213294700432
LT,43,150.73,141.08,2018,136.37,277.92,0.6191344180196732,0.6222436460610591,1.0736690852768362,0.9229806856219185
NL,43,180.0,182.0,2018,121.86,353.06,0.7097031853783887,0.3111308412530482,0.2237463790344035,1.6306813093135502
PL,43,162.46,160.96,2018,132.14,333.55,0.026449442086716624,0.248192305569276,0.11312580234318871,1.1292917564844693
PL,43,158.34,160.96,2018,132.14,333.55,0.026449442086716624,0.37957265704635573,0.11312580234318871,1.1292917564844693
PL,43,162.08,160.96,2018,132.14,333.55,0.026449442086716624,0.26030991080259874,0.11312580234318871,1.1292917564844693
PT,43,189.0,197.0,2018,153.59,372.37,1.1968137438087634,0.5981267546738531,0.5571652320534353,0.0831044113304028
RO,43,139.61,120.28,2018,146.52,289.41,1.2945943923764598,0.9768430413098752,0.8752753710775261,0.4279316621574069
UK,43,168.55,163.29,2018,166.99,424.67,0.10211394882956765,0.0539917374878645,1.460210597817048,0.5704578462483612
UK,43,168.55,157.12,2018,166.99,424.67,0.09825086087145941,0.0539917374878645,1.460210597817048,0.5704578462483612
UK,43,170.14,163.29,2018,166.99,424.67,0.10211394882956765,0.003289126116856411,1.460210597817048,0.5704578462483612
UK,43,170.14,157.12,2018,166.99,424.67,0.09825086087145941,0.003289126116856411,1.460210597817048,0.5704578462483612
BE,49,174.0,178.0,2018,112.34,340.0,0.5798070364636221,0.11980023230584484,0.0017559627796076244,2.0950031520112984
DE,49,176.0,175.0,2018,142.17,381.46,0.48238492477754713,0.1835771019549126,0.7141190059500168,0.6400955293564843
FR,49,164.23,165.23,2018,134.97,372.83,0.16511358105322937,0.1917497759298516,0.5651078872781244,0.9912633095480582
IE,49,199.0,198.0,2018,139.31,367.75,1.229287781037455,0.9170111029191921,0.4773933469706839,0.7795871753770256
LT,49,147.7,133.5,2018,127.35,284.23,0.8652876202131563,0.7188656035793968,0.9647165755642473,1.3629158769174747
LV,49,147.87,149.0,2018,133.87,227.97,0.36194004316843575,0.7134445696592255,1.9361378428273612,1.0449139426328817
NL,49,185.5,186.0,2018,121.86,349.23,0.8395993342931553,0.4865172327879846,0.15761514096796714,1.6306813093135502
PL,49,165.87,159.93,2018,129.61,329.3,0.006998816258835811,0.13945274281761555,0.18650902996260274,1.2526882125795629
PL,49,158.26,159.93,2018,129.61,329.3,0.006998816258835811,0.38212373183231885,0.18650902996260274,1.2526882125795629
PL,49,163.11,159.93,2018,129.61,329.3,0.006998816258835811,0.2274648229333288,0.18650902996260274,1.2526882125795629
PT,49,192.5,195.0,2018,150.17,373.02,1.13186566935138,0.7097362765597218,0.568388549218757,0.24990910692140147
RO,49,160.18,151.69,2018,150.27,288.95,0.2745848830232553,0.3208979369692133,0.8832180263022162,0.24503177664096185
UK,49,182.06,164.17,2018,162.76,411.65,0.13069110159081615,0.37682101699158804,1.2353989216747483,0.3641467753858102
UK,49,182.06,165.19,2018,162.76,411.65,0.16381461956408197,0.37682101699158804,1.2353989216747483,0.3641467753858102
CZ,7,152.89,137.59,2019,139.57,330.05,0.7324688079478073,0.553364626840066,0.17355904861800026,0.7669061166478859
DE,7,167.0,154.0,2019,145.4,373.52,0.1995698570249775,0.1034188114658924,0.5770218701151586,0.4825577612983187
IE,7,185.0,172.0,2019,137.56,369.89,0.3849628130914722,0.4705730153757176,0.5143439604072827,0.8649404552847
LT,7,127.72,129.08,2019,128.22,290.84,1.008822864763973,1.3559965313735836,0.8505840733138182,1.3204831034776594
LV,7,136.68,137.04,2019,130.4,258.38,0.7503295284235881,1.0702761553457596,1.411059265908213,1.2141573033640989
NL,7,170.5,161.5,2019,122.81,354.12,0.04398542219020986,0.008190710419976224,0.24204901933477505,1.584346671649384
PL,7,157.49,144.25,2019,128.76,307.39,0.5161917200047211,0.40667782664720936,0.5648211516429235,1.2941455199632916
PL,7,150.78,144.25,2019,128.76,307.39,0.5161917200047211,0.620649224319832,0.5648211516429235,1.2941455199632916
PL,7,161.03,144.25,2019,128.76,307.39,0.5161917200047211,0.2937927673683597,0.5648211516429235,1.2941455199632916
PT,7,185.0,180.0,2019,141.59,374.16,0.6447551109210053,0.4705730153757176,0.5880725208625535,0.668384044983027
RO,7,147.07,148.54,2019,104.47,324.5,0.37687810029363417,0.738955317518853,0.26938891056805875,2.4788490450818115
SK,7,139.58,126.17,2019,142.49,334.57,1.103322313099466,0.9777996943546112,0.09551382771452965,0.6244880724590799
UK,7,141.87,130.59,2019,161.75,407.76,0.9597870685486489,0.9047751786064289,1.1682316851007437,0.31488573955338145
UK,7,141.87,144.91,2019,161.75,407.76,0.4947588554337847,0.9047751786064289,1.1682316851007437,0.31488573955338145
UK,7,149.26,130.59,2019,161.75,407.76,0.9597870685486489,0.6691196452531238,1.1682316851007437,0.31488573955338145
UK,7,149.26,144.91,2019,161.75,407.76,0.4947588554337847,0.6691196452531238,1.1682316851007437,0.31488573955338145
DE,13,168.0,154.0,2019,161.97,363.5,0.1995698570249775,0.0715303766413585,0.4040101193512699,0.32561586617034616
IE,13,175.0,165.0,2019,140.97,366.45,0.15764455249063064,0.15168866713037873,0.45494671264003944,0.6986234927217462
LT,13,138.9,129.05,2019,140.53,287.28,1.0097970858808338,0.9994838300352945,0.912053318096198,0.7200837459556756
LV,13,125.57,144.81,2019,142.67,254.22,0.4980062591566537,1.4245566662463316,1.4828884957662747,0.6157088779542916
NL,13,179.5,170.0,2019,138.24,356.48,0.32001473863408886,0.2951866238407812,0.28279829396579104,0.8317746093777176
PL,13,154.39,147.79,2019,150.86,311.31,0.4012336282151529,0.5055319746032652,0.4971359158151342,0.21625552798637432
PL,13,149.44,147.79,2019,150.86,311.31,0.4012336282151529,0.6633797269847076,0.4971359158151342,0.21625552798637432
PL,13,146.52,147.79,2019,150.86,311.31,0.4012336282151529,0.7564939566723461,0.4971359158151342,0.21625552798637432
PT,13,184.5,174.5,2019,159.0,376.07,0.4661479061632013,0.4546287979634507,0.6210518066868073,0.18075915684132177
SK,13,136.09,137.35,2019,144.76,334.34,0.7402625768826937,1.0890903318922347,0.09948515532687473,0.5137726750931261
UK,13,145.66,128.37,2019,165.01,402.32,1.0318794311963444,0.7839180106214457,1.074301153747894,0.47388670669567723
DE,19,178.0,162.5,2019,181.57,353.23,0.0764594594189015,0.2473539716039804,0.22668170813918034,1.2815726011362987
LT,19,149.78,143.19,2019,184.49,287.64,0.5506141994671343,0.6525376591443659,0.9058373270507886,1.4239906453251048
NL,19,188.0,172.0,2019,160.62,341.97,0.3849628130914722,0.5662383198493193,0.03225932155221534,0.25977190738442624
PL,19,161.44,152.26,2019,178.69,302.53,0.25607468180290127,0.2807185090903009,0.6487370307559477,1.1411054890596692
PL,19,154.21,152.26,2019,178.69,302.53,0.25607468180290127,0.5112718928716806,0.6487370307559477,1.1411054890596692
PL,19,167.67,152.26,2019,178.69,302.53,0.25607468180290127,0.08205356013345508,0.6487370307559477,1.1411054890596692
PT,19,196.0,185.5,2019,179.0,377.81,0.8233623156788095,0.8213457984455904,0.6510957634062852,1.1562252129290287
RO,19,143.5,153.07,2019,178.45,277.56,0.22977071164766097,0.8527970298424388,1.0798850763222456,1.1293998963866163
SK,19,126.42,127.99,2019,176.6,335.53,1.0442195653432476,1.3974514966454776,0.07893785159343884,1.0391692861985036
UK,19,156.53,139.12,2019,169.52,414.58,0.6827835309879091,0.4372907240787622,1.2859901821276623,0.6938543023434561
DE,25,184.0,166.0,2019,190.47,337.8,0.19011858971932227,0.4386845805511837,0.03974257472377469,1.7156549960953287
LT,25,174.59,142.6,2019,175.03,281.61,0.5697738814320625,0.13861440885231993,1.009955177061392,0.9625952007956189
NL,25,192.0,176.0,2019,166.17,329.95,0.5148589620062388,0.6937920591474548,0.17528571279728097,0.5304637379487641
PL,25,160.83,156.88,2019,178.21,288.77,0.10604462980634571,0.30017045433326606,0.8863260218249209,1.1176943037135647
PL,25,173.66,156.88,2019,178.21,288.77,0.10604462980634571,0.1089581644655032,0.8863260218249209,1.1176943037135647
PL,25,164.2,156.88,2019,178.21,288.77,0.10604462980634571,0.19270642897458765,0.8863260218249209,1.1176943037135647
PT,25,201.5,185.0,2019,193.41,376.11,0.8071252970644636,0.9967321899805268,0.6217424723585198,1.8590485063402213
UK,25,167.89,147.31,2019,169.68,384.59,0.4168211660849246,0.07503810447205767,0.7681635947614911,0.7016580307921576
BE,31,206.0,204.0,2019,151.41,338.07,1.4241320044096049,1.1402301466909293,0.03508058143971811,0.18943021144396321
DE,31,208.5,198.0,2019,183.64,335.09,1.229287781037455,1.219951233752264,0.08653517398227226,1.382533337941376
IE,31,215.0,220.0,2019,170.83,347.73,1.9437166000686714,1.4272260601117344,0.1317151782787622,0.757747329017201
LT,31,195.36,194.42,2019,163.6,269.54,1.1130307277587386,0.8009372001578892,1.2183635435005278,0.4051163497414941
NL,31,209.0,199.0,2019,158.76,327.48,1.2617618182661468,1.235895451164531,0.21793431802550461,0.16905356416826883
PL,31,195.93,189.94,2019,169.63,284.34,0.9675470409742003,0.8191136080078733,0.9628172449670397,0.6992193656519378
PL,31,195.47,189.94,2019,169.63,284.34,0.9675470409742003,0.8044449279885874,0.9628172449670397,0.6992193656519378
PL,31,183.0,189.94,2019,169.63,284.34,0.9675470409742003,0.40679614572664985,0.9628172449670397,0.6992193656519378
PT,31,221.0,217.0,2019,194.0,369.98,1.8462944883825965,1.6185566690589377,0.5158979581686356,1.8878247549948088
RO,31,161.93,148.37,2019,188.85,313.81,0.38239868662251136,0.26509317602627896,0.453969311333126,1.636642245552224
UK,31,202.24,177.84,2019,169.55,368.16,0.5746111905070315,1.0203296317506823,0.4844726701057337,0.6953175014275877
UK,31,194.91,177.84,2019,169.55,368.16,0.5746111905070315,0.7865874044868484,0.4844726701057337,0.6953175014275877
DE,37,189.0,175.0,2019,192.4,351.35,0.48238492477754713,0.5981267546738531,0.19422042156871022,1.8097874705077928
IE,37,210.0,194.0,2019,174.29,345.17,1.0993916321226884,1.2677838859890649,0.08751257528918571,0.9265029567203733
LT,37,181.8,191.04,2019,174.66,276.73,1.003268481925761,0.3685300239372095,1.094216389010272,0.9445490787579961
LV,37,156.75,214.0,2019,175.19,203.43,1.7488723766965215,0.43027526841736474,2.359861232422754,0.9703989292443205
NL,37,199.0,186.0,2019,172.87,339.15,0.8395993342931553,0.9170111029191921,0.01643260830349082,0.8572448667381467
PL,37,197.7,191.41,2019,179.3,282.52,1.015283875700377,0.8755561376472977,0.9942425330299416,1.1708572037703449
PL,37,180.87,191.41,2019,179.3,282.52,1.015283875700377,0.3388737795503928,0.9942425330299416,1.1708572037703449
PL,37,182.64,191.41,2019,179.3,282.52,1.015283875700377,0.3953163091898172,0.9942425330299416,1.1708572037703449
PT,37,212.0,201.0,2019,195.0,369.28,1.32670989272353,1.3315607556381326,0.5038113089136725,1.9365980577991944
RO,37,146.66,145.02,2019,189.86,277.0,0.4911867113386282,0.7520295757969118,1.0895543957262155,1.6859032813846542
UK,37,186.48,153.01,2019,173.98,373.28,0.23171915388138253,0.5177678989160275,0.5728778760848857,0.9113832328510137
DE,43,190.0,170.0,2019,192.44,362.95,0.32001473863408886,0.6300151894983871,0.3945134663652279,1.8117384026199677
IE,43,208.0,177.0,2019,178.86,346.01,0.5473329992349304,1.204007016339997,0.10201655439514004,1.1493969505364154
LT,43,174.02,167.84,2019,175.58,275.14,0.24987081822011503,0.12043800100233584,1.1216703494608298,0.9894205173380315
NL,43,194.0,180.5,2019,172.59,315.27,0.6609921295353512,0.7575689287965226,0.42876001431563354,0.8435883419529188
PL,43,187.53,186.32,2019,179.48,298.86,0.8499910262063364,0.5512507554817884,0.7121056061355351,1.1796363982751332
PL,43,185.27,186.32,2019,179.48,298.86,0.8499910262063364,0.4791828927783421,0.7121056061355351,1.1796363982751332
PL,43,190.66,186.32,2019,179.48,298.86,0.8499910262063364,0.6510615564825794,0.7121056061355351,1.1796363982751332
PT,43,206.0,196.0,2019,191.43,364.68,1.1643397065800718,1.1402301466909293,0.42438475666677794,1.7624773667875389
UK,43,168.33,155.14,2019,183.43,378.07,0.16254945458426948,0.06100719314926192,0.6555850902724139,1.3722909443524562
UK,43,168.33,160.23,2019,183.43,378.07,0.00274339490977113,0.06100719314926192,0.6555850902724139,1.3722909443524562
UK,43,185.34,155.14,2019,183.43,378.07,0.16254945458426948,0.48141508321605925,0.6555850902724139,1.3722909443524562
UK,43,185.34,160.23,2019,183.43,378.07,0.00274339490977113,0.48141508321605925,0.6555850902724139,1.3722909443524562
DE,49,182.0,170.0,2019,209.25,368.15,0.32001473863408886,0.37490771090211594,0.48430000368780485,2.6316176227616856
LT,49,174.8,173.4,2019,200.32,275.94,0.4304264652116407,0.1453109801654723,1.107857036026587,2.196072028718524
NL,49,193.0,172.0,2019,190.71,325.24,0.3849628130914722,0.7256804939719887,0.25661159564138414,1.7273605887683816
PL,49,182.52,188.21,2019,192.01,311.22,0.911366956568564,0.3914896970108739,0.4986899135764861,1.7907658824140817
PL,49,174.7,188.21,2019,192.01,311.22,0.911366956568564,0.1421221366830182,0.4986899135764861,1.7907658824140817
PL,49,178.38,188.21,2019,192.01,311.22,0.911366956568564,0.25947157683730315,0.4986899135764861,1.7907658824140817
PT,49,210.0,202.0,2019,204.43,365.28,1.3591839299522217,1.2677838859890649,0.4347447417424593,2.3965303032445484
UK,49,172.13,140.77,2019,191.03,392.16,0.6292013695605677,0.06016885918396632,0.8988720731330129,1.7429680456657846
UK,49,172.13,155.66,2019,191.03,392.16,0.14566295522534947,0.06016885918396632,0.8988720731330129,1.7429680456657846
CZ,7,152.28,135.19,2020,185.53,337.27,0.8104064972966675,0.5728165720830312,0.048893894873960946,1.4747148802416652
DE,7,173.0,157.0,2020,196.4,366.32,0.10214774533890257,0.08791179748131095,0.4527020492069751,2.004880681725334
IE,7,192.0,170.0,2020,191.37,373.54,0.32001473863408886,0.6937920591474548,0.5773672029510154,1.7595509686192756
LT,7,133.52,122.96,2020,185.52,284.35,1.2075639726035665,1.1710436093912866,0.9626445785491108,1.4742271472136217
LV,7,125.8,129.37,2020,183.62,246.0,0.9994053939676527,1.4172223262366888,1.6248202913031178,1.3815578718852892
NL,7,188.0,168.0,2020,171.09,342.65,0.2550666641767056,0.5662383198493193,0.04400063797132073,0.7704283877463408
PL,7,150.97,136.27,2020,190.16,311.31,0.7753345370896801,0.6145904217031707,0.4971359158151342,1.700535272225969
PL,7,165.34,136.27,2020,190.16,311.31,0.7753345370896801,0.15635361327461852,0.4971359158151342,1.700535272225969
PL,7,150.82,136.27,2020,190.16,311.31,0.7753345370896801,0.6193736869268509,0.4971359158151342,1.700535272225969
RO,7,150.95,142.68,2020,180.24,298.72,0.5671759584537668,0.6152281903996617,0.7145229359865274,1.216704108406467
SK,7,132.79,116.49,2020,193.83,326.66,1.4176709934732015,1.194322166813197,0.2320929642956032,1.879533293518064
DE,13,188.0,168.0,2020,197.62,349.48,0.2550666641767056,0.5662383198493193,0.16193180141616798,2.0643841111466843
IE,13,200.0,180.0,2020,181.64,370.3,0.6447551109210053,0.9488995377437259,0.5214232835423326,1.2849867323326054
LT,13,144.38,142.6,2020,194.73,278.02,0.5697738814320625,0.8247352071968491,1.0719424210975563,1.9234292660420098
LV,13,150.62,135.49,2020,190.04,236.47,0.8006642861280596,0.6257513738917574,1.789371387588533,1.6946824758894425
NL,13,201.5,178.5,2020,173.88,319.63,0.5960440550779679,0.9967321899805268,0.3534774560990109,0.9065059025705755
PL,13,152.44,138.49,2020,178.24,281.99,0.7032421744419847,0.5677144225111059,1.0033938531801267,1.1191575027976963
PL,13,162.35,138.49,2020,178.24,281.99,0.7032421744419847,0.25170003339997515,1.0033938531801267,1.1191575027976963
PL,13,171.69,138.49,2020,178.24,281.99,0.7032421744419847,0.04613794786117148,1.0033938531801267,1.1191575027976963
PT,13,205.0,186.0,2020,204.86,367.78,0.8395993342931553,1.1083417118663954,0.47791134622446757,2.4175028234504343
SK,13,138.73,128.25,2020,196.54,309.8,1.0357763156637876,1.0049048639554659,0.5232085449222671,2.0117089441179474
DE,19,202.5,179.0,2020,172.85,330.44,0.6122810736923138,1.0286206248050607,0.1668250583188072,0.8562694006820586
IE,19,212.0,190.0,2020,175.99,353.41,0.9694954832079219,1.3315607556381326,0.22978970366188506,1.0094175714878293
LT,19,160.94,152.32,2020,157.16,276.22,0.2541262395691797,0.2966627265025678,1.1030223763246016,0.09101627968125255
NL,19,212.0,191.0,2020,146.01,251.89,1.0019695204366135,1.3315607556381326,1.5231197711435065,0.45280604658764434
PL,19,170.49,145.4,2020,149.91,270.05,0.4788465771917255,0.007871826071731175,1.2095575561861982,0.2625901656505412
PL,19,181.36,145.4,2020,149.91,270.05,0.4788465771917255,0.3544991126144147,1.2095575561861982,0.2625901656505412
PL,19,181.94,145.4,2020,149.91,270.05,0.4788465771917255,0.37299440481264384,1.2095575561861982,0.2625901656505412
PT,19,229.5,200.0,2020,175.29,368.43,1.2942358554948383,1.8896083650674758,0.4891346633897903,0.9752762595247587
RO,19,144.22,133.53,2020,164.78,302.18,0.8643133990962956,0.8298373567687745,0.6547803553834283,0.46266884705066913
DE,25,207.0,181.0,2020,173.73,348.29,0.677229148149697,1.172118581515463,0.1413844976827321,0.8991899071499174
IE,25,223.0,196.0,2020,162.48,367.33,1.1643397065800718,1.6823335387080054,0.47014135741770624,0.35049025060058225
LT,25,167.5,169.75,2020,156.81,276.96,0.31189622932691596,0.08747459405362544,1.090245061397928,0.07394562369971795
LV,25,160.49,145.0,2020,159.28,260.44,0.49183619208320234,0.3110125221736077,1.375489983815038,0.1944156816265497
NL,25,218.0,200.0,2020,131.96,260.17,1.2942358554948383,1.522891364585336,1.3801519770990947,1.1380709509892577
PL,25,181.01,157.91,2020,163.72,288.24,0.07259637146079327,0.3433381604258271,0.8954773419751062,0.41096914607802054
PL,25,187.12,157.91,2020,163.72,288.24,0.07259637146079327,0.5381764972037296,0.8954773419751062,0.41096914607802054
PL,25,197.62,157.91,2020,163.72,288.24,0.07259637146079327,0.8730050628613354,0.8954773419751062,0.41096914607802054
PT,25,232.5,200.0,2020,164.86,357.02,1.2942358554948383,1.9852736695410773,0.2921222805339042,0.4665707112750206
DE,31,197.0,173.0,2020,154.05,351.6,0.4174368503201638,0.8532342332701243,0.19853708201691103,0.060668692040385164
LT,31,176.65,149.31,2020,133.93,279.72,0.35187309162754127,0.20430458459085982,1.04258913004979,1.0419875444646185
LV,31,158.79,150.0,2020,132.99,248.9,0.3294660059397441,0.36522286137531584,1.574747030103988,1.0878344491007408
NL,31,195.0,176.0,2020,129.59,278.04,0.5148589620062388,0.7894573636210565,1.0715970882616996,1.2536636786356512
PL,31,162.76,155.45,2020,149.78,298.29,0.152482503043375,0.23862577512191638,0.7219475919574329,0.2689306950151111
PL,31,167.09,155.45,2020,149.78,298.29,0.152482503043375,0.10054885233168423,0.7219475919574329,0.2689306950151111
PL,31,182.83,155.45,2020,149.78,298.29,0.152482503043375,0.4013751118064795,0.7219475919574329,0.2689306950151111
PT,31,216.0,197.0,2020,168.93,353.73,1.1968137438087634,1.4591144949362682,0.235315029035582,0.6650780536888686
RO,31,158.39,139.74,2020,156.19,301.18,0.6626496279061201,0.3779782353051296,0.6720469971762316,0.043706175960998815
DE,37,180.5,159.0,2020,149.98,355.34,0.037199670881519264,0.3270750586653151,0.26311432232199455,0.2591760344542346
IE,37,200.0,176.0,2020,159.25,367.82,0.5148589620062388,0.9488995377437259,0.47860201189618,0.1929524825424181
LT,37,178.77,140.01,2020,147.97,267.93,0.653881637854374,0.27190806641887183,1.2461628367869413,0.3572103730910487
NL,37,187.0,168.0,2020,134.43,272.44,0.2550666641767056,0.5343498850247854,1.1682902823013985,1.0176008930624258
PL,37,184.05,156.29,2020,143.25,303.43,0.1252043117712739,0.4402790022924108,0.6331970531424241,0.5874203623277475
PL,37,158.34,156.29,2020,143.25,303.43,0.1252043117712739,0.37957265704635573,0.6331970531424241,0.5874203623277475
PL,37,161.91,156.29,2020,143.25,303.43,0.1252043117712739,0.26573094472277,0.6331970531424241,0.5874203623277475
PT,37,207.0,193.0,2020,170.4,353.29,1.0669175948939968,1.172118581515463,0.22771770664674856,0.736774808811315
DE,43,204.5,168.0,2020,133.07,365.85,0.2550666641767056,1.0923974944541284,0.4445867275643581,1.0839325848763905
LT,43,182.96,152.66,2020,124.43,262.65,0.24308506691142442,0.4055206083336687,1.3373307054529433,1.5053339211062795
NL,43,202.5,170.0,2020,129.49,271.07,0.32001473863408886,1.0286206248050607,1.191945581557539,1.2585410089160893
PL,43,182.99,153.06,2020,127.43,297.13,0.23009545201994758,0.4064772613784048,0.7419768964370851,1.3590140126931234
PL,43,187.89,153.06,2020,127.43,297.13,0.23009545201994758,0.5627305920186201,0.7419768964370851,1.3590140126931234
PL,43,171.24,153.06,2020,127.43,297.13,0.23009545201994758,0.03178815219013159,0.7419768964370851,1.3590140126931234
RO,43,154.98,144.03,2020,142.36,299.13,0.5233360081950332,0.48671779805679005,0.7074436128514785,0.6308286018236497
SK,43,135.07,130.11,2020,140.3,330.1,0.9753746064184206,1.1216165354132597,0.17269571652835988,0.7313016056006837
DE,49,195.0,159.0,2020,124.69,366.42,0.037199670881519264,0.7894573636210565,0.4544287133862558,1.4926528623771396
IE,49,200.0,177.0,2020,155.69,378.45,0.5473329992349304,0.9488995377437259,0.662146414153679,0.019319524558806145
LT,49,172.26,155.01,2020,103.66,262.32,0.16677107942399924,0.06431435571115558,1.343028697244568,2.518355420353364
NL,49,201.0,173.5,2020,117.12,275.07,0.43367386893450965,0.9807879725682599,1.1228790143863259,1.8618667646063365
PL,49,181.7,160.94,2020,113.79,316.64,0.02579996134214246,0.36534118045475544,0.4051047150594929,2.0242818629449397
PL,49,196.82,160.94,2020,113.79,316.64,0.02579996134214246,0.847494315001708,0.4051047150594929,2.0242818629449397
PL,49,183.57,160.94,2020,113.79,316.64,0.02579996134214246,0.42497255357663394,0.4051047150594929,2.0242818629449397
DE,1,235.5,187.0,2021,125.7,380.33,0.8720733715218469,2.080938974014679,0.6946077007241491,1.44339182654471
IE,1,250.0,242.0,2021,155.55,383.24,2.6581454190998874,2.5433212789704203,0.7448536283412072,0.012491262166192861
LT,1,192.79,190.85,2021,125.87,282.81,0.9970984148523095,0.7189839226588364,0.9892352069100283,1.4351003650679646
NL,1,245.0,210.0,2021,115.73,317.6,1.6189762277817548,2.383879104847751,0.3885287389384011,1.9296616555044321
PL,1,224.6,202.22,2021,112.49,319.89,1.3663282181425338,1.7333550344272595,0.3489881292328822,2.087687156590641
PL,1,219.99,202.22,2021,112.49,319.89,1.3663282181425338,1.5863493498861587,0.3489881292328822,2.087687156590641
PL,1,214.71,202.22,2021,112.49,319.89,1.3663282181425338,1.4179784140126197,0.3489881292328822,2.087687156590641
PT,1,225.0,215.0,2021,145.4,359.92,1.781346413925213,1.746110408357073,0.34219554173303435,0.4825577612983187
RO,1,166.41,180.8,2021,131.1,314.99,0.6707343407039591,0.1222329880123675,0.433594674017618,1.1800159914010298
AT,7,195.0,172.0,2021,147.06,376.75,0.3849628130914722,0.7894573636210565,0.6327931231059136,0.4015940786430392
AT,7,195.0,180.0,2021,147.06,376.75,0.6447551109210053,0.7894573636210565,0.6327931231059136,0.4015940786430392
DE,7,225.0,209.0,2021,126.98,393.6,1.5865021905530632,1.746110408357073,0.9237360373146496,1.380961998955097
HU,7,215.07,186.77,2021,125.5,173.38,0.8646043429592482,1.4294582505494515,2.8787238182964936,1.4531464871055875
IE,7,235.0,222.0,2021,151.92,381.69,2.0086646745260546,2.0649947566024123,0.7180903335623618,0.16455582701372712
LT,7,177.6,183.89,2021,119.69,287.33,0.7710791157406155,0.23459859767416666,0.9111899860065577,1.7365193763990663
NL,7,242.0,235.0,2021,117.15,338.35,2.430827158499046,2.2882138003741495,0.030245921737732676,1.8604035655222049
RO,7,180.5,177.37,2021,115.41,301.75,0.5593483930095465,0.3270750586653151,0.6622050113543339,1.9452691124018358
SK,7,169.61,147.14,2021,118.86,319.09,0.4223417524138027,0.0201899965738585,0.36280144266712505,1.777001217726706
AT,13,227.5,202.5,2021,175.63,374.62,1.3754209485665674,1.8258314954184078,0.5960151760872426,0.9918591824782499
DE,13,245.0,222.0,2021,157.77,384.24,2.0086646745260546,2.383879104847751,0.7621202701340105,0.12076799439192827
IE,13,248.0,240.0,2021,159.39,393.32,2.5931973446425043,2.4795444093213526,0.9189013776126642,0.19978074493503137
LT,13,186.64,198.87,2021,161.63,290.22,1.257540193426417,0.5228700484879527,0.8612893912253554,0.309032943216855
NL,13,241.0,234.0,2021,148.99,341.59,2.3983531212703544,2.2563253655496154,0.02569799767094919,0.3074616042305751
RO,13,208.52,213.33,2021,148.16,304.85,1.7271147717532984,1.2205890024487551,0.6086784217966432,0.3479434455582156
LT,19,212.97,248.63,2021,146.5,293.43,2.8734482859261132,1.3624925374179304,0.8058634710704572,0.4289071282134951
PL,19,248.46,211.23,2021,147.73,333.12,1.6589192935730452,2.4942130893406387,0.12055045831409425,0.3689159657641016
RO,25,257.39,232.34,2021,157.26,312.11,2.3444462194707265,2.7789768123237253,0.4833226023808914,0.0958936099616908
AT,31,191.0,175.0,2021,174.69,376.8,0.48238492477754713,0.6619036243229209,0.633656455195554,0.9460122778421277
AT,31,192.5,175.0,2021,174.69,376.8,0.48238492477754713,0.7097362765597218,0.633656455195554,0.9460122778421277
DE,31,230.0,204.0,2021,147.58,400.06,1.4241320044096049,1.9055525824797426,1.0352785432961586,0.3762319611847583
IE,31,240.0,214.0,2021,159.53,435.64,1.7488723766965215,2.2244369307250813,1.6496256582840996,0.20660900732764606
LT,31,193.92,168.64,2021,141.68,310.54,0.2758500480030678,0.7550178540105595,0.5104312299955924,0.6639944477306321
NL,31,239.0,221.0,2021,129.53,358.52,1.976190637297363,2.1925484959005477,0.3180222432231092,1.2565900768039144
PL,31,187.56,161.47,2021,148.28,362.98,0.04301120107334907,0.5522074085265244,0.3950314656190125,0.34209064922168914
PL,31,200.36,161.47,2021,148.28,362.98,0.04301120107334907,0.9603793742805586,0.3950314656190125,0.34209064922168914
PL,31,203.66,161.47,2021,148.28,362.98,0.04301120107334907,1.06561120920152,0.3950314656190125,0.34209064922168914
PT,31,256.5,225.0,2021,160.0,361.47,2.1060867862121295,2.750596105329891,0.36895883651187966,0.2295324596457071
RO,31,144.41,186.26,2021,141.37,325.11,0.8480425839726148,0.8237785541521131,0.25885625907444854,0.6791141715999917
AT,37,205.0,173.5,2021,166.04,393.78,0.43367386893450965,1.1083417118663954,0.9268440328373533,0.5241232085841943
AT,37,205.0,182.5,2021,166.04,393.78,0.7259402039927345,1.1083417118663954,0.9268440328373533,0.5241232085841943
DE,37,233.5,201.0,2021,134.45,412.2,1.32670989272353,2.017162104365611,1.2448955746607904,1.016625427006339
IE,37,245.0,218.0,2021,151.7,425.48,1.878768525611288,2.383879104847751,1.4741965776692187,0.17528595363069183
LT,37,194.98,170.79,2021,138.75,317.34,0.34566922804475503,0.7888195949245655,0.3930180658045308,0.8069002249474816
NL,37,244.5,222.0,2021,118.93,368.23,2.0086646745260546,2.367934887435484,0.48568133503122984,1.7735870865303989
PL,37,215.42,184.02,2021,125.45,379.78,0.7753007405803461,1.4406192027380382,0.6851110477381072,1.4555851522458065
PL,37,200.65,184.02,2021,125.45,379.78,0.7753007405803461,0.9696270203796732,0.6851110477381072,1.4555851522458065
PL,37,209.91,184.02,2021,125.45,379.78,0.7753007405803461,1.2649139268548566,0.6851110477381072,1.4555851522458065
PT,37,247.5,225.0,2021,151.43,368.84,2.1060867862121295,2.4636001919090855,0.4962139865248391,0.188454745387875
AT,43,205.0,169.5,2021,158.98,416.65,0.30377772001974307,1.1083417118663954,1.3217321306387648,0.17978369078523354
AT,43,205.0,187.5,2021,158.98,416.65,0.8883103901361927,1.1083417118663954,1.3217321306387648,0.17978369078523354
DE,43,218.5,197.0,2021,129.27,443.4,1.1968137438087634,1.538835581997603,1.7836147985962532,1.2692711355330542
LT,43,164.41,167.66,2021,101.91,314.81,0.2440254915189503,0.18600985766143527,0.43670266954032266,2.6037087002610377
NL,43,231.5,216.0,2021,114.51,376.76,1.8138204511539047,1.9533852347165435,0.6329657895238415,1.989165084925782
PL,43,215.58,192.51,2021,116.92,430.16,1.0510053166519375,1.4457213523099643,1.5550044612595382,1.8716214251672136
PL,43,208.05,192.51,2021,116.92,430.16,1.0510053166519375,1.205601438081224,1.5550044612595382,1.8716214251672136
PL,43,202.46,192.51,2021,116.92,430.16,1.0510053166519375,1.0273450874120795,1.5550044612595382,1.8716214251672136
DE,49,243.0,245.0,2021,130.75,463.73,2.7555675307859624,2.320102235198683,2.134645626243945,1.1970866473825643
IE,49,250.0,235.0,2021,143.7,433.81,2.430827158499046,2.5433212789704203,1.61802770380327,0.5654723760657746
LT,49,184.08,174.76,2021,129.95,352.15,0.4745911558426608,0.4412356553371468,0.20803373500295208,1.2361052896260731
NL,49,253.0,252.0,2021,114.27,395.89,2.982885791386804,2.638986583444022,0.9632766470201686,2.000870677598835
PL,49,226.24,195.24,2021,128.81,438.33,1.1396594382862664,1.7856520675394956,1.6960729247067405,1.2917068548230717
PL,49,220.99,195.24,2021,128.81,438.33,1.1396594382862664,1.6182377847106926,1.6960729247067405,1.2917068548230717
PL,49,223.33,195.24,2021,128.81,438.33,1.1396594382862664,1.692856722200102,1.6960729247067405,1.2917068548230717
PT,49,245.0,235.0,2021,130.43,401.49,2.430827158499046,2.383879104847751,1.0599698410598675,1.2126941042799673
